,seed,examples_per_class,epoch,value,metric,split
0,1,8,0,1.7299684,Loss,Training
1,1,8,0,1.5844322,Loss,Validation
2,1,8,0,0.74442124,Accuracy,Training
3,1,8,0,0.78674006,Accuracy,Validation
4,1,8,0,1.7070892,Loss Bird,Training
5,1,8,0,1.6272086,Loss Bird,Validation
6,1,8,0,0.8626866,Accuracy Bird,Training
7,1,8,0,0.9184953,Accuracy Bird,Validation
8,1,8,0,1.6981428,Loss Car,Training
9,1,8,0,1.4605732,Loss Car,Validation
10,1,8,0,0.59940654,Accuracy Car,Training
11,1,8,0,0.76842105,Accuracy Car,Validation
12,1,8,0,1.6358466,Loss Cat,Training
13,1,8,0,1.4403352,Loss Cat,Validation
14,1,8,0,0.7744108,Accuracy Cat,Training
15,1,8,0,0.8916084,Accuracy Cat,Validation
16,1,8,0,1.7929586,Loss Deer,Training
17,1,8,0,1.4950324,Loss Deer,Validation
18,1,8,0,0.8338558,Accuracy Deer,Training
19,1,8,0,0.92436975,Accuracy Deer,Validation
20,1,8,0,1.8595954,Loss Dog,Training
21,1,8,0,1.860249,Loss Dog,Validation
22,1,8,0,0.5956113,Accuracy Dog,Training
23,1,8,0,0.3916914,Accuracy Dog,Validation
24,1,8,0,1.9253706,Loss Frog,Training
25,1,8,0,1.7602545,Loss Frog,Validation
26,1,8,0,0.6369231,Accuracy Frog,Training
27,1,8,0,0.8919753,Accuracy Frog,Validation
28,1,8,0,1.6153833,Loss Horse,Training
29,1,8,0,1.4815865,Loss Horse,Validation
30,1,8,0,0.8025078,Accuracy Horse,Training
31,1,8,0,0.7922535,Accuracy Horse,Validation
32,1,8,0,1.7222263,Loss Plane,Training
33,1,8,0,1.5745336,Loss Plane,Validation
34,1,8,0,0.6559486,Accuracy Plane,Training
35,1,8,0,0.80409354,Accuracy Plane,Validation
36,1,8,0,1.6977417,Loss Ship,Training
37,1,8,0,1.58537,Loss Ship,Validation
38,1,8,0,0.76848876,Accuracy Ship,Training
39,1,8,0,0.78996867,Accuracy Ship,Validation
40,1,8,0,1.6453303,Loss Truck,Training
41,1,8,0,1.5591793,Loss Truck,Validation
42,1,8,0,0.9143731,Accuracy Truck,Training
43,1,8,0,0.69452447,Accuracy Truck,Validation
44,1,8,1,0.951692,Loss,Training
45,1,8,1,1.2170931,Loss,Validation
46,1,8,1,0.9819938,Accuracy,Training
47,1,8,1,0.8269383,Accuracy,Validation
48,1,8,1,0.8733613,Loss Bird,Training
49,1,8,1,1.2143003,Loss Bird,Validation
50,1,8,1,0.9971182,Accuracy Bird,Training
51,1,8,1,0.92333335,Accuracy Bird,Validation
52,1,8,1,0.87233937,Loss Car,Training
53,1,8,1,0.964547,Loss Car,Validation
54,1,8,1,0.99722993,Accuracy Car,Training
55,1,8,1,0.90819675,Accuracy Car,Validation
56,1,8,1,0.7279071,Loss Cat,Training
57,1,8,1,1.1123918,Loss Cat,Validation
58,1,8,1,1.0,Accuracy Cat,Training
59,1,8,1,0.8912387,Accuracy Cat,Validation
60,1,8,1,0.9878049,Loss Deer,Training
61,1,8,1,1.0880054,Loss Deer,Validation
62,1,8,1,1.0,Accuracy Deer,Training
63,1,8,1,0.9285714,Accuracy Deer,Validation
64,1,8,1,1.1780818,Loss Dog,Training
65,1,8,1,1.4371585,Loss Dog,Validation
66,1,8,1,0.8842444,Accuracy Dog,Training
67,1,8,1,0.674772,Accuracy Dog,Validation
68,1,8,1,1.0977236,Loss Frog,Training
69,1,8,1,1.3012683,Loss Frog,Validation
70,1,8,1,1.0,Accuracy Frog,Training
71,1,8,1,0.9591195,Accuracy Frog,Validation
72,1,8,1,0.75469255,Loss Horse,Training
73,1,8,1,1.1976801,Loss Horse,Validation
74,1,8,1,0.9878788,Accuracy Horse,Training
75,1,8,1,0.7491749,Accuracy Horse,Validation
76,1,8,1,0.94796014,Loss Plane,Training
77,1,8,1,1.1895344,Loss Plane,Validation
78,1,8,1,0.97819316,Accuracy Plane,Training
79,1,8,1,0.84639496,Accuracy Plane,Validation
80,1,8,1,0.9894327,Loss Ship,Training
81,1,8,1,1.264313,Loss Ship,Validation
82,1,8,1,0.9900332,Accuracy Ship,Training
83,1,8,1,0.82568806,Accuracy Ship,Validation
84,1,8,1,1.0876174,Loss Truck,Training
85,1,8,1,1.401732,Loss Truck,Validation
86,1,8,1,0.98523986,Accuracy Truck,Training
87,1,8,1,0.5628931,Accuracy Truck,Validation
88,1,8,2,0.5825876,Loss,Training
89,1,8,2,1.0314298,Loss,Validation
90,1,8,2,0.99554044,Accuracy,Training
91,1,8,2,0.8780241,Accuracy,Validation
92,1,8,2,0.52324647,Loss Bird,Training
93,1,8,2,1.0681074,Loss Bird,Validation
94,1,8,2,1.0,Accuracy Bird,Training
95,1,8,2,0.9219653,Accuracy Bird,Validation
96,1,8,2,0.55766165,Loss Car,Training
97,1,8,2,1.01409,Loss Car,Validation
98,1,8,2,0.9966555,Accuracy Car,Training
99,1,8,2,0.81288344,Accuracy Car,Validation
100,1,8,2,0.3921193,Loss Cat,Training
101,1,8,2,0.9166515,Loss Cat,Validation
102,1,8,2,1.0,Accuracy Cat,Training
103,1,8,2,0.8982036,Accuracy Cat,Validation
104,1,8,2,0.59446806,Loss Deer,Training
105,1,8,2,0.8903245,Loss Deer,Validation
106,1,8,2,1.0,Accuracy Deer,Training
107,1,8,2,0.9345238,Accuracy Deer,Validation
108,1,8,2,0.7853015,Loss Dog,Training
109,1,8,2,1.1654522,Loss Dog,Validation
110,1,8,2,0.9837133,Accuracy Dog,Training
111,1,8,2,0.8446602,Accuracy Dog,Validation
112,1,8,2,0.64776313,Loss Frog,Training
113,1,8,2,1.0845243,Loss Frog,Validation
114,1,8,2,1.0,Accuracy Frog,Training
115,1,8,2,0.9756944,Accuracy Frog,Validation
116,1,8,2,0.43514264,Loss Horse,Training
117,1,8,2,1.1148155,Loss Horse,Validation
118,1,8,2,0.99435025,Accuracy Horse,Training
119,1,8,2,0.70200574,Accuracy Horse,Validation
120,1,8,2,0.59807676,Loss Plane,Training
121,1,8,2,1.0723768,Loss Plane,Validation
122,1,8,2,0.99671054,Accuracy Plane,Training
123,1,8,2,0.8867925,Accuracy Plane,Validation
124,1,8,2,0.5897318,Loss Ship,Training
125,1,8,2,0.8835637,Loss Ship,Validation
126,1,8,2,1.0,Accuracy Ship,Training
127,1,8,2,0.95532644,Accuracy Ship,Validation
128,1,8,2,0.7023654,Loss Truck,Training
129,1,8,2,1.1043918,Loss Truck,Validation
130,1,8,2,0.98397434,Accuracy Truck,Training
131,1,8,2,0.8481848,Accuracy Truck,Validation
132,1,8,3,0.38215956,Loss,Training
133,1,8,3,0.8489008,Loss,Validation
134,1,8,3,0.9980873,Accuracy,Training
135,1,8,3,0.878691,Accuracy,Validation
136,1,8,3,0.3469588,Loss Bird,Training
137,1,8,3,0.83178663,Loss Bird,Validation
138,1,8,3,1.0,Accuracy Bird,Training
139,1,8,3,0.9639344,Accuracy Bird,Validation
140,1,8,3,0.3741942,Loss Car,Training
141,1,8,3,0.8497726,Loss Car,Validation
142,1,8,3,0.9970238,Accuracy Car,Training
143,1,8,3,0.7777778,Accuracy Car,Validation
144,1,8,3,0.24564435,Loss Cat,Training
145,1,8,3,0.8053089,Loss Cat,Validation
146,1,8,3,1.0,Accuracy Cat,Training
147,1,8,3,0.85240966,Accuracy Cat,Validation
148,1,8,3,0.40640116,Loss Deer,Training
149,1,8,3,0.71372604,Loss Deer,Validation
150,1,8,3,1.0,Accuracy Deer,Training
151,1,8,3,0.9399399,Accuracy Deer,Validation
152,1,8,3,0.5016621,Loss Dog,Training
153,1,8,3,0.89082247,Loss Dog,Validation
154,1,8,3,1.0,Accuracy Dog,Training
155,1,8,3,0.89181286,Accuracy Dog,Validation
156,1,8,3,0.41453683,Loss Frog,Training
157,1,8,3,0.8073614,Loss Frog,Validation
158,1,8,3,1.0,Accuracy Frog,Training
159,1,8,3,0.9649123,Accuracy Frog,Validation
160,1,8,3,0.28654382,Loss Horse,Training
161,1,8,3,0.9722072,Loss Horse,Validation
162,1,8,3,1.0,Accuracy Horse,Training
163,1,8,3,0.7508197,Accuracy Horse,Validation
164,1,8,3,0.41252017,Loss Plane,Training
165,1,8,3,0.90396994,Loss Plane,Validation
166,1,8,3,0.99671054,Accuracy Plane,Training
167,1,8,3,0.8631922,Accuracy Plane,Validation
168,1,8,3,0.37198594,Loss Ship,Training
169,1,8,3,0.8195729,Loss Ship,Validation
170,1,8,3,1.0,Accuracy Ship,Training
171,1,8,3,0.90544415,Accuracy Ship,Validation
172,1,8,3,0.46114817,Loss Truck,Training
173,1,8,3,0.89448047,Loss Truck,Validation
174,1,8,3,0.9871383,Accuracy Truck,Training
175,1,8,3,0.87666667,Accuracy Truck,Validation
176,1,8,4,0.27544865,Loss,Training
177,1,8,4,0.7789435,Loss,Validation
178,1,8,4,0.99904555,Accuracy,Training
179,1,8,4,0.88341653,Accuracy,Validation
180,1,8,4,0.24194108,Loss Bird,Training
181,1,8,4,0.7616583,Loss Bird,Validation
182,1,8,4,1.0,Accuracy Bird,Training
183,1,8,4,0.96428573,Accuracy Bird,Validation
184,1,8,4,0.2879386,Loss Car,Training
185,1,8,4,0.76104707,Loss Car,Validation
186,1,8,4,1.0,Accuracy Car,Training
187,1,8,4,0.8173077,Accuracy Car,Validation
188,1,8,4,0.17514251,Loss Cat,Training
189,1,8,4,0.68279505,Loss Cat,Validation
190,1,8,4,1.0,Accuracy Cat,Training
191,1,8,4,0.9102167,Accuracy Cat,Validation
192,1,8,4,0.29744923,Loss Deer,Training
193,1,8,4,0.5970705,Loss Deer,Validation
194,1,8,4,1.0,Accuracy Deer,Training
195,1,8,4,0.93353474,Accuracy Deer,Validation
196,1,8,4,0.3776075,Loss Dog,Training
197,1,8,4,0.813093,Loss Dog,Validation
198,1,8,4,1.0,Accuracy Dog,Training
199,1,8,4,0.8842105,Accuracy Dog,Validation
200,1,8,4,0.29012123,Loss Frog,Training
201,1,8,4,0.8050203,Loss Frog,Validation
202,1,8,4,1.0,Accuracy Frog,Training
203,1,8,4,0.9496644,Accuracy Frog,Validation
204,1,8,4,0.20156822,Loss Horse,Training
205,1,8,4,1.0207497,Loss Horse,Validation
206,1,8,4,1.0,Accuracy Horse,Training
207,1,8,4,0.73507464,Accuracy Horse,Validation
208,1,8,4,0.3033545,Loss Plane,Training
209,1,8,4,0.7687411,Loss Plane,Validation
210,1,8,4,0.9968254,Accuracy Plane,Training
211,1,8,4,0.8679775,Accuracy Plane,Validation
212,1,8,4,0.25436628,Loss Ship,Training
213,1,8,4,0.7889594,Loss Ship,Validation
214,1,8,4,1.0,Accuracy Ship,Training
215,1,8,4,0.89440995,Accuracy Ship,Validation
216,1,8,4,0.32499754,Loss Truck,Training
217,1,8,4,0.79030097,Loss Truck,Validation
218,1,8,4,0.9936306,Accuracy Truck,Training
219,1,8,4,0.8774834,Accuracy Truck,Validation
220,1,8,5,0.20587504,Loss,Training
221,1,8,5,0.7319481,Loss,Validation
222,1,8,5,0.9996805,Accuracy,Training
223,1,8,5,0.88281745,Accuracy,Validation
224,1,8,5,0.18332317,Loss Bird,Training
225,1,8,5,0.68633443,Loss Bird,Validation
226,1,8,5,1.0,Accuracy Bird,Training
227,1,8,5,0.96036583,Accuracy Bird,Validation
228,1,8,5,0.20587945,Loss Car,Training
229,1,8,5,0.7743257,Loss Car,Validation
230,1,8,5,1.0,Accuracy Car,Training
231,1,8,5,0.8160535,Accuracy Car,Validation
232,1,8,5,0.12880169,Loss Cat,Training
233,1,8,5,0.61846584,Loss Cat,Validation
234,1,8,5,1.0,Accuracy Cat,Training
235,1,8,5,0.9029126,Accuracy Cat,Validation
236,1,8,5,0.20785525,Loss Deer,Training
237,1,8,5,0.59536356,Loss Deer,Validation
238,1,8,5,1.0,Accuracy Deer,Training
239,1,8,5,0.9317507,Accuracy Deer,Validation
240,1,8,5,0.2634236,Loss Dog,Training
241,1,8,5,0.7161398,Loss Dog,Validation
242,1,8,5,1.0,Accuracy Dog,Training
243,1,8,5,0.9093567,Accuracy Dog,Validation
244,1,8,5,0.21745671,Loss Frog,Training
245,1,8,5,0.6307709,Loss Frog,Validation
246,1,8,5,1.0,Accuracy Frog,Training
247,1,8,5,0.971519,Accuracy Frog,Validation
248,1,8,5,0.16594154,Loss Horse,Training
249,1,8,5,1.0737973,Loss Horse,Validation
250,1,8,5,1.0,Accuracy Horse,Training
251,1,8,5,0.6891892,Accuracy Horse,Validation
252,1,8,5,0.24710922,Loss Plane,Training
253,1,8,5,0.7173709,Loss Plane,Validation
254,1,8,5,1.0,Accuracy Plane,Training
255,1,8,5,0.8973607,Accuracy Plane,Validation
256,1,8,5,0.20017627,Loss Ship,Training
257,1,8,5,0.7676651,Loss Ship,Validation
258,1,8,5,1.0,Accuracy Ship,Training
259,1,8,5,0.87205386,Accuracy Ship,Validation
260,1,8,5,0.23878369,Loss Truck,Training
261,1,8,5,0.73924756,Loss Truck,Validation
262,1,8,5,0.99680513,Accuracy Truck,Training
263,1,8,5,0.87761194,Accuracy Truck,Validation
264,1,8,6,0.1650447,Loss,Training
265,1,8,6,0.6699319,Loss,Validation
266,1,8,6,0.9991051,Accuracy,Training
267,1,8,6,0.87362176,Accuracy,Validation
268,1,8,6,0.13794553,Loss Bird,Training
269,1,8,6,0.6389651,Loss Bird,Validation
270,1,8,6,1.0,Accuracy Bird,Training
271,1,8,6,0.9627329,Accuracy Bird,Validation
272,1,8,6,0.1733861,Loss Car,Training
273,1,8,6,0.7283665,Loss Car,Validation
274,1,8,6,1.0,Accuracy Car,Training
275,1,8,6,0.78547853,Accuracy Car,Validation
276,1,8,6,0.10193575,Loss Cat,Training
277,1,8,6,0.6014106,Loss Cat,Validation
278,1,8,6,1.0,Accuracy Cat,Training
279,1,8,6,0.8710602,Accuracy Cat,Validation
280,1,8,6,0.17713022,Loss Deer,Training
281,1,8,6,0.51837313,Loss Deer,Validation
282,1,8,6,1.0,Accuracy Deer,Training
283,1,8,6,0.9201278,Accuracy Deer,Validation
284,1,8,6,0.22287577,Loss Dog,Training
285,1,8,6,0.6873263,Loss Dog,Validation
286,1,8,6,1.0,Accuracy Dog,Training
287,1,8,6,0.8774834,Accuracy Dog,Validation
288,1,8,6,0.17259984,Loss Frog,Training
289,1,8,6,0.54491305,Loss Frog,Validation
290,1,8,6,1.0,Accuracy Frog,Training
291,1,8,6,0.96615386,Accuracy Frog,Validation
292,1,8,6,0.116331905,Loss Horse,Training
293,1,8,6,1.0205426,Loss Horse,Validation
294,1,8,6,1.0,Accuracy Horse,Training
295,1,8,6,0.705298,Accuracy Horse,Validation
296,1,8,6,0.19002749,Loss Plane,Training
297,1,8,6,0.68266404,Loss Plane,Validation
298,1,8,6,1.0,Accuracy Plane,Training
299,1,8,6,0.83809525,Accuracy Plane,Validation
300,1,8,6,0.16233006,Loss Ship,Training
301,1,8,6,0.64687526,Loss Ship,Validation
302,1,8,6,0.9938838,Accuracy Ship,Training
303,1,8,6,0.91401273,Accuracy Ship,Validation
304,1,8,6,0.19588429,Loss Truck,Training
305,1,8,6,0.6298819,Loss Truck,Validation
306,1,8,6,0.9971671,Accuracy Truck,Training
307,1,8,6,0.89577466,Accuracy Truck,Validation
308,1,8,7,0.12923376,Loss,Training
309,1,8,7,0.64423686,Loss,Validation
310,1,8,7,0.99935484,Accuracy,Training
311,1,8,7,0.87235165,Accuracy,Validation
312,1,8,7,0.103514224,Loss Bird,Training
313,1,8,7,0.56331176,Loss Bird,Validation
314,1,8,7,1.0,Accuracy Bird,Training
315,1,8,7,0.9631902,Accuracy Bird,Validation
316,1,8,7,0.13155136,Loss Car,Training
317,1,8,7,0.6577406,Loss Car,Validation
318,1,8,7,1.0,Accuracy Car,Training
319,1,8,7,0.7687296,Accuracy Car,Validation
320,1,8,7,0.08524387,Loss Cat,Training
321,1,8,7,0.5713387,Loss Cat,Validation
322,1,8,7,1.0,Accuracy Cat,Training
323,1,8,7,0.90988374,Accuracy Cat,Validation
324,1,8,7,0.13766623,Loss Deer,Training
325,1,8,7,0.4393953,Loss Deer,Validation
326,1,8,7,1.0,Accuracy Deer,Training
327,1,8,7,0.93690854,Accuracy Deer,Validation
328,1,8,7,0.15575151,Loss Dog,Training
329,1,8,7,0.64579046,Loss Dog,Validation
330,1,8,7,1.0,Accuracy Dog,Training
331,1,8,7,0.8870432,Accuracy Dog,Validation
332,1,8,7,0.14926851,Loss Frog,Training
333,1,8,7,0.4884165,Loss Frog,Validation
334,1,8,7,1.0,Accuracy Frog,Training
335,1,8,7,0.97626114,Accuracy Frog,Validation
336,1,8,7,0.10479551,Loss Horse,Training
337,1,8,7,1.0069214,Loss Horse,Validation
338,1,8,7,1.0,Accuracy Horse,Training
339,1,8,7,0.7072368,Accuracy Horse,Validation
340,1,8,7,0.14063802,Loss Plane,Training
341,1,8,7,0.67818207,Loss Plane,Validation
342,1,8,7,1.0,Accuracy Plane,Training
343,1,8,7,0.8338028,Accuracy Plane,Validation
344,1,8,7,0.13171606,Loss Ship,Training
345,1,8,7,0.7010272,Loss Ship,Validation
346,1,8,7,1.0,Accuracy Ship,Training
347,1,8,7,0.8762215,Accuracy Ship,Validation
348,1,8,7,0.1521923,Loss Truck,Training
349,1,8,7,0.69024396,Loss Truck,Validation
350,1,8,7,0.9935484,Accuracy Truck,Training
351,1,8,7,0.8642384,Accuracy Truck,Validation
352,1,8,8,0.103513,Loss,Training
353,1,8,8,0.60875547,Loss,Validation
354,1,8,8,0.9997059,Accuracy,Training
355,1,8,8,0.8703542,Accuracy,Validation
356,1,8,8,0.08727572,Loss Bird,Training
357,1,8,8,0.6107828,Loss Bird,Validation
358,1,8,8,0.9970588,Accuracy Bird,Training
359,1,8,8,0.9271709,Accuracy Bird,Validation
360,1,8,8,0.101175345,Loss Car,Training
361,1,8,8,0.55868506,Loss Car,Validation
362,1,8,8,1.0,Accuracy Car,Training
363,1,8,8,0.8548896,Accuracy Car,Validation
364,1,8,8,0.063209765,Loss Cat,Training
365,1,8,8,0.59163094,Loss Cat,Validation
366,1,8,8,1.0,Accuracy Cat,Training
367,1,8,8,0.8734568,Accuracy Cat,Validation
368,1,8,8,0.12339229,Loss Deer,Training
369,1,8,8,0.4742777,Loss Deer,Validation
370,1,8,8,1.0,Accuracy Deer,Training
371,1,8,8,0.9141914,Accuracy Deer,Validation
372,1,8,8,0.13487688,Loss Dog,Training
373,1,8,8,0.63838285,Loss Dog,Validation
374,1,8,8,1.0,Accuracy Dog,Training
375,1,8,8,0.897281,Accuracy Dog,Validation
376,1,8,8,0.10573254,Loss Frog,Training
377,1,8,8,0.3989736,Loss Frog,Validation
378,1,8,8,1.0,Accuracy Frog,Training
379,1,8,8,0.9846626,Accuracy Frog,Validation
380,1,8,8,0.074417,Loss Horse,Training
381,1,8,8,0.9589565,Loss Horse,Validation
382,1,8,8,1.0,Accuracy Horse,Training
383,1,8,8,0.69536424,Accuracy Horse,Validation
384,1,8,8,0.12102037,Loss Plane,Training
385,1,8,8,0.6025446,Loss Plane,Validation
386,1,8,8,1.0,Accuracy Plane,Training
387,1,8,8,0.84319526,Accuracy Plane,Validation
388,1,8,8,0.11050217,Loss Ship,Training
389,1,8,8,0.52769035,Loss Ship,Validation
390,1,8,8,1.0,Accuracy Ship,Training
391,1,8,8,0.90460527,Accuracy Ship,Validation
392,1,8,8,0.113527924,Loss Truck,Training
393,1,8,8,0.7256297,Loss Truck,Validation
394,1,8,8,1.0,Accuracy Truck,Training
395,1,8,8,0.8087248,Accuracy Truck,Validation
396,1,8,9,0.0867943,Loss,Training
397,1,8,9,0.6064813,Loss,Validation
398,1,8,9,1.0,Accuracy,Training
399,1,8,9,0.8696059,Accuracy,Validation
400,1,8,9,0.067740485,Loss Bird,Training
401,1,8,9,0.5876659,Loss Bird,Validation
402,1,8,9,1.0,Accuracy Bird,Training
403,1,8,9,0.9281046,Accuracy Bird,Validation
404,1,8,9,0.09013167,Loss Car,Training
405,1,8,9,0.6868373,Loss Car,Validation
406,1,8,9,1.0,Accuracy Car,Training
407,1,8,9,0.7565789,Accuracy Car,Validation
408,1,8,9,0.055064287,Loss Cat,Training
409,1,8,9,0.5287994,Loss Cat,Validation
410,1,8,9,1.0,Accuracy Cat,Training
411,1,8,9,0.88927335,Accuracy Cat,Validation
412,1,8,9,0.09530874,Loss Deer,Training
413,1,8,9,0.48514688,Loss Deer,Validation
414,1,8,9,1.0,Accuracy Deer,Training
415,1,8,9,0.9119318,Accuracy Deer,Validation
416,1,8,9,0.1252937,Loss Dog,Training
417,1,8,9,0.59833145,Loss Dog,Validation
418,1,8,9,1.0,Accuracy Dog,Training
419,1,8,9,0.9072848,Accuracy Dog,Validation
420,1,8,9,0.10097859,Loss Frog,Training
421,1,8,9,0.46121338,Loss Frog,Validation
422,1,8,9,1.0,Accuracy Frog,Training
423,1,8,9,0.96153843,Accuracy Frog,Validation
424,1,8,9,0.06856711,Loss Horse,Training
425,1,8,9,0.98290473,Loss Horse,Validation
426,1,8,9,1.0,Accuracy Horse,Training
427,1,8,9,0.6978193,Accuracy Horse,Validation
428,1,8,9,0.07930275,Loss Plane,Training
429,1,8,9,0.54675555,Loss Plane,Validation
430,1,8,9,1.0,Accuracy Plane,Training
431,1,8,9,0.8741497,Accuracy Plane,Validation
432,1,8,9,0.08605405,Loss Ship,Training
433,1,8,9,0.56781775,Loss Ship,Validation
434,1,8,9,1.0,Accuracy Ship,Training
435,1,8,9,0.89111745,Accuracy Ship,Validation
436,1,8,9,0.099501595,Loss Truck,Training
437,1,8,9,0.6193407,Loss Truck,Validation
438,1,8,9,1.0,Accuracy Truck,Training
439,1,8,9,0.87826085,Accuracy Truck,Validation
440,1,8,10,0.0733337,Loss,Training
441,1,8,10,0.58102584,Loss,Validation
442,1,8,10,1.0,Accuracy,Training
443,1,8,10,0.8706566,Accuracy,Validation
444,1,8,10,0.06004849,Loss Bird,Training
445,1,8,10,0.57793164,Loss Bird,Validation
446,1,8,10,1.0,Accuracy Bird,Training
447,1,8,10,0.95692307,Accuracy Bird,Validation
448,1,8,10,0.07673518,Loss Car,Training
449,1,8,10,0.65808177,Loss Car,Validation
450,1,8,10,1.0,Accuracy Car,Training
451,1,8,10,0.7281879,Accuracy Car,Validation
452,1,8,10,0.044608805,Loss Cat,Training
453,1,8,10,0.46508497,Loss Cat,Validation
454,1,8,10,1.0,Accuracy Cat,Training
455,1,8,10,0.8858859,Accuracy Cat,Validation
456,1,8,10,0.08364265,Loss Deer,Training
457,1,8,10,0.4360371,Loss Deer,Validation
458,1,8,10,1.0,Accuracy Deer,Training
459,1,8,10,0.90849674,Accuracy Deer,Validation
460,1,8,10,0.099516645,Loss Dog,Training
461,1,8,10,0.58253396,Loss Dog,Validation
462,1,8,10,1.0,Accuracy Dog,Training
463,1,8,10,0.91071427,Accuracy Dog,Validation
464,1,8,10,0.07686641,Loss Frog,Training
465,1,8,10,0.37292847,Loss Frog,Validation
466,1,8,10,1.0,Accuracy Frog,Training
467,1,8,10,0.9644809,Accuracy Frog,Validation
468,1,8,10,0.054811873,Loss Horse,Training
469,1,8,10,1.1184278,Loss Horse,Validation
470,1,8,10,1.0,Accuracy Horse,Training
471,1,8,10,0.69009584,Accuracy Horse,Validation
472,1,8,10,0.074754134,Loss Plane,Training
473,1,8,10,0.60220283,Loss Plane,Validation
474,1,8,10,1.0,Accuracy Plane,Training
475,1,8,10,0.8190184,Accuracy Plane,Validation
476,1,8,10,0.076233864,Loss Ship,Training
477,1,8,10,0.49450466,Loss Ship,Validation
478,1,8,10,1.0,Accuracy Ship,Training
479,1,8,10,0.9285714,Accuracy Ship,Validation
480,1,8,10,0.08611898,Loss Truck,Training
481,1,8,10,0.5025252,Loss Truck,Validation
482,1,8,10,1.0,Accuracy Truck,Training
483,1,8,10,0.9141914,Accuracy Truck,Validation
484,1,8,11,0.06273872,Loss,Training
485,1,8,11,0.54925364,Loss,Validation
486,1,8,11,0.9996742,Accuracy,Training
487,1,8,11,0.8801445,Accuracy,Validation
488,1,8,11,0.04822471,Loss Bird,Training
489,1,8,11,0.5334402,Loss Bird,Validation
490,1,8,11,1.0,Accuracy Bird,Training
491,1,8,11,0.9264214,Accuracy Bird,Validation
492,1,8,11,0.07128621,Loss Car,Training
493,1,8,11,0.6617991,Loss Car,Validation
494,1,8,11,1.0,Accuracy Car,Training
495,1,8,11,0.8,Accuracy Car,Validation
496,1,8,11,0.042864636,Loss Cat,Training
497,1,8,11,0.4796281,Loss Cat,Validation
498,1,8,11,1.0,Accuracy Cat,Training
499,1,8,11,0.9008499,Accuracy Cat,Validation
500,1,8,11,0.07360207,Loss Deer,Training
501,1,8,11,0.506057,Loss Deer,Validation
502,1,8,11,1.0,Accuracy Deer,Training
503,1,8,11,0.8984127,Accuracy Deer,Validation
504,1,8,11,0.08472888,Loss Dog,Training
505,1,8,11,0.4785283,Loss Dog,Validation
506,1,8,11,1.0,Accuracy Dog,Training
507,1,8,11,0.93413174,Accuracy Dog,Validation
508,1,8,11,0.05722204,Loss Frog,Training
509,1,8,11,0.3441286,Loss Frog,Validation
510,1,8,11,1.0,Accuracy Frog,Training
511,1,8,11,0.9707602,Accuracy Frog,Validation
512,1,8,11,0.04759121,Loss Horse,Training
513,1,8,11,0.9414689,Loss Horse,Validation
514,1,8,11,1.0,Accuracy Horse,Training
515,1,8,11,0.6777409,Accuracy Horse,Validation
516,1,8,11,0.07244208,Loss Plane,Training
517,1,8,11,0.46389082,Loss Plane,Validation
518,1,8,11,0.99674267,Accuracy Plane,Training
519,1,8,11,0.8913044,Accuracy Plane,Validation
520,1,8,11,0.06292779,Loss Ship,Training
521,1,8,11,0.47097299,Loss Ship,Validation
522,1,8,11,1.0,Accuracy Ship,Training
523,1,8,11,0.9142857,Accuracy Ship,Validation
524,1,8,11,0.066497535,Loss Truck,Training
525,1,8,11,0.6126225,Loss Truck,Validation
526,1,8,11,1.0,Accuracy Truck,Training
527,1,8,11,0.887538,Accuracy Truck,Validation
528,1,8,12,0.052043814,Loss,Training
529,1,8,12,0.51477647,Loss,Validation
530,1,8,12,1.0,Accuracy,Training
531,1,8,12,0.88812304,Accuracy,Validation
532,1,8,12,0.044702552,Loss Bird,Training
533,1,8,12,0.44865692,Loss Bird,Validation
534,1,8,12,1.0,Accuracy Bird,Training
535,1,8,12,0.948553,Accuracy Bird,Validation
536,1,8,12,0.05614435,Loss Car,Training
537,1,8,12,0.58843505,Loss Car,Validation
538,1,8,12,1.0,Accuracy Car,Training
539,1,8,12,0.8076923,Accuracy Car,Validation
540,1,8,12,0.032022174,Loss Cat,Training
541,1,8,12,0.45115486,Loss Cat,Validation
542,1,8,12,1.0,Accuracy Cat,Training
543,1,8,12,0.9226006,Accuracy Cat,Validation
544,1,8,12,0.06470361,Loss Deer,Training
545,1,8,12,0.44536382,Loss Deer,Validation
546,1,8,12,1.0,Accuracy Deer,Training
547,1,8,12,0.8984615,Accuracy Deer,Validation
548,1,8,12,0.056974303,Loss Dog,Training
549,1,8,12,0.6023971,Loss Dog,Validation
550,1,8,12,1.0,Accuracy Dog,Training
551,1,8,12,0.91066283,Accuracy Dog,Validation
552,1,8,12,0.047706217,Loss Frog,Training
553,1,8,12,0.36134374,Loss Frog,Validation
554,1,8,12,1.0,Accuracy Frog,Training
555,1,8,12,0.96352583,Accuracy Frog,Validation
556,1,8,12,0.039580356,Loss Horse,Training
557,1,8,12,0.86586916,Loss Horse,Validation
558,1,8,12,1.0,Accuracy Horse,Training
559,1,8,12,0.72380954,Accuracy Horse,Validation
560,1,8,12,0.057449825,Loss Plane,Training
561,1,8,12,0.4397321,Loss Plane,Validation
562,1,8,12,1.0,Accuracy Plane,Training
563,1,8,12,0.8757962,Accuracy Plane,Validation
564,1,8,12,0.058134574,Loss Ship,Training
565,1,8,12,0.44118118,Loss Ship,Validation
566,1,8,12,1.0,Accuracy Ship,Training
567,1,8,12,0.9326923,Accuracy Ship,Validation
568,1,8,12,0.063020125,Loss Truck,Training
569,1,8,12,0.50363106,Loss Truck,Validation
570,1,8,12,1.0,Accuracy Truck,Training
571,1,8,12,0.8974359,Accuracy Truck,Validation
572,1,8,13,0.045049865,Loss,Training
573,1,8,13,0.5279881,Loss,Validation
574,1,8,13,1.0,Accuracy,Training
575,1,8,13,0.8834624,Accuracy,Validation
576,1,8,13,0.035564754,Loss Bird,Training
577,1,8,13,0.46948794,Loss Bird,Validation
578,1,8,13,1.0,Accuracy Bird,Training
579,1,8,13,0.9496855,Accuracy Bird,Validation
580,1,8,13,0.052163973,Loss Car,Training
581,1,8,13,0.6390276,Loss Car,Validation
582,1,8,13,1.0,Accuracy Car,Training
583,1,8,13,0.7917981,Accuracy Car,Validation
584,1,8,13,0.025517793,Loss Cat,Training
585,1,8,13,0.45248806,Loss Cat,Validation
586,1,8,13,1.0,Accuracy Cat,Training
587,1,8,13,0.913738,Accuracy Cat,Validation
588,1,8,13,0.050285026,Loss Deer,Training
589,1,8,13,0.44347703,Loss Deer,Validation
590,1,8,13,1.0,Accuracy Deer,Training
591,1,8,13,0.91150445,Accuracy Deer,Validation
592,1,8,13,0.06297193,Loss Dog,Training
593,1,8,13,0.56265885,Loss Dog,Validation
594,1,8,13,1.0,Accuracy Dog,Training
595,1,8,13,0.88372093,Accuracy Dog,Validation
596,1,8,13,0.04281823,Loss Frog,Training
597,1,8,13,0.3014124,Loss Frog,Validation
598,1,8,13,1.0,Accuracy Frog,Training
599,1,8,13,0.97791797,Accuracy Frog,Validation
600,1,8,13,0.033298012,Loss Horse,Training
601,1,8,13,0.934558,Loss Horse,Validation
602,1,8,13,1.0,Accuracy Horse,Training
603,1,8,13,0.7229917,Accuracy Horse,Validation
604,1,8,13,0.045697518,Loss Plane,Training
605,1,8,13,0.4752199,Loss Plane,Validation
606,1,8,13,1.0,Accuracy Plane,Training
607,1,8,13,0.8785047,Accuracy Plane,Validation
608,1,8,13,0.04513346,Loss Ship,Training
609,1,8,13,0.4921769,Loss Ship,Validation
610,1,8,13,1.0,Accuracy Ship,Training
611,1,8,13,0.9130435,Accuracy Ship,Validation
612,1,8,13,0.05704795,Loss Truck,Training
613,1,8,13,0.50937384,Loss Truck,Validation
614,1,8,13,1.0,Accuracy Truck,Training
615,1,8,13,0.89171976,Accuracy Truck,Validation
616,1,8,14,0.041170992,Loss,Training
617,1,8,14,0.5180395,Loss,Validation
618,1,8,14,0.9996575,Accuracy,Training
619,1,8,14,0.87723666,Accuracy,Validation
620,1,8,14,0.03348952,Loss Bird,Training
621,1,8,14,0.48613834,Loss Bird,Validation
622,1,8,14,1.0,Accuracy Bird,Training
623,1,8,14,0.9449275,Accuracy Bird,Validation
624,1,8,14,0.047343165,Loss Car,Training
625,1,8,14,0.51406586,Loss Car,Validation
626,1,8,14,1.0,Accuracy Car,Training
627,1,8,14,0.8588589,Accuracy Car,Validation
628,1,8,14,0.020195749,Loss Cat,Training
629,1,8,14,0.47315958,Loss Cat,Validation
630,1,8,14,1.0,Accuracy Cat,Training
631,1,8,14,0.86,Accuracy Cat,Validation
632,1,8,14,0.049036868,Loss Deer,Training
633,1,8,14,0.4080105,Loss Deer,Validation
634,1,8,14,1.0,Accuracy Deer,Training
635,1,8,14,0.8924051,Accuracy Deer,Validation
636,1,8,14,0.04823396,Loss Dog,Training
637,1,8,14,0.5576099,Loss Dog,Validation
638,1,8,14,1.0,Accuracy Dog,Training
639,1,8,14,0.8768769,Accuracy Dog,Validation
640,1,8,14,0.03763204,Loss Frog,Training
641,1,8,14,0.26614907,Loss Frog,Validation
642,1,8,14,1.0,Accuracy Frog,Training
643,1,8,14,0.9832776,Accuracy Frog,Validation
644,1,8,14,0.034156147,Loss Horse,Training
645,1,8,14,0.96880114,Loss Horse,Validation
646,1,8,14,1.0,Accuracy Horse,Training
647,1,8,14,0.7044025,Accuracy Horse,Validation
648,1,8,14,0.04821346,Loss Plane,Training
649,1,8,14,0.4241563,Loss Plane,Validation
650,1,8,14,1.0,Accuracy Plane,Training
651,1,8,14,0.8840125,Accuracy Plane,Validation
652,1,8,14,0.040955212,Loss Ship,Training
653,1,8,14,0.50597954,Loss Ship,Validation
654,1,8,14,1.0,Accuracy Ship,Training
655,1,8,14,0.8833333,Accuracy Ship,Validation
656,1,8,14,0.0524538,Loss Truck,Training
657,1,8,14,0.57632476,Loss Truck,Validation
658,1,8,14,0.99657536,Accuracy Truck,Training
659,1,8,14,0.884273,Accuracy Truck,Validation
660,1,8,15,0.03737362,Loss,Training
661,1,8,15,0.5232631,Loss,Validation
662,1,8,15,1.0,Accuracy,Training
663,1,8,15,0.8748434,Accuracy,Validation
664,1,8,15,0.034143463,Loss Bird,Training
665,1,8,15,0.52326727,Loss Bird,Validation
666,1,8,15,1.0,Accuracy Bird,Training
667,1,8,15,0.9013158,Accuracy Bird,Validation
668,1,8,15,0.0399914,Loss Car,Training
669,1,8,15,0.5621837,Loss Car,Validation
670,1,8,15,1.0,Accuracy Car,Training
671,1,8,15,0.82153845,Accuracy Car,Validation
672,1,8,15,0.019820437,Loss Cat,Training
673,1,8,15,0.46405917,Loss Cat,Validation
674,1,8,15,1.0,Accuracy Cat,Training
675,1,8,15,0.8867925,Accuracy Cat,Validation
676,1,8,15,0.042913534,Loss Deer,Training
677,1,8,15,0.3455053,Loss Deer,Validation
678,1,8,15,1.0,Accuracy Deer,Training
679,1,8,15,0.9226006,Accuracy Deer,Validation
680,1,8,15,0.04441799,Loss Dog,Training
681,1,8,15,0.5273072,Loss Dog,Validation
682,1,8,15,1.0,Accuracy Dog,Training
683,1,8,15,0.9119497,Accuracy Dog,Validation
684,1,8,15,0.036404457,Loss Frog,Training
685,1,8,15,0.25256133,Loss Frog,Validation
686,1,8,15,1.0,Accuracy Frog,Training
687,1,8,15,0.9836066,Accuracy Frog,Validation
688,1,8,15,0.029058935,Loss Horse,Training
689,1,8,15,0.9822406,Loss Horse,Validation
690,1,8,15,1.0,Accuracy Horse,Training
691,1,8,15,0.70347005,Accuracy Horse,Validation
692,1,8,15,0.04180054,Loss Plane,Training
693,1,8,15,0.48274323,Loss Plane,Validation
694,1,8,15,1.0,Accuracy Plane,Training
695,1,8,15,0.8817568,Accuracy Plane,Validation
696,1,8,15,0.038382642,Loss Ship,Training
697,1,8,15,0.4316452,Loss Ship,Validation
698,1,8,15,1.0,Accuracy Ship,Training
699,1,8,15,0.90415335,Accuracy Ship,Validation
700,1,8,15,0.046802778,Loss Truck,Training
701,1,8,15,0.6611179,Loss Truck,Validation
702,1,8,15,1.0,Accuracy Truck,Training
703,1,8,15,0.83125,Accuracy Truck,Validation
704,1,8,16,0.029304514,Loss,Training
705,1,8,16,0.49121538,Loss,Validation
706,1,8,16,0.9996961,Accuracy,Training
707,1,8,16,0.87947464,Accuracy,Validation
708,1,8,16,0.029021103,Loss Bird,Training
709,1,8,16,0.43758386,Loss Bird,Validation
710,1,8,16,0.99696046,Accuracy Bird,Training
711,1,8,16,0.95076925,Accuracy Bird,Validation
712,1,8,16,0.031291824,Loss Car,Training
713,1,8,16,0.56694895,Loss Car,Validation
714,1,8,16,1.0,Accuracy Car,Training
715,1,8,16,0.77388537,Accuracy Car,Validation
716,1,8,16,0.015959034,Loss Cat,Training
717,1,8,16,0.45831138,Loss Cat,Validation
718,1,8,16,1.0,Accuracy Cat,Training
719,1,8,16,0.8938907,Accuracy Cat,Validation
720,1,8,16,0.031163055,Loss Deer,Training
721,1,8,16,0.3083939,Loss Deer,Validation
722,1,8,16,1.0,Accuracy Deer,Training
723,1,8,16,0.93939394,Accuracy Deer,Validation
724,1,8,16,0.039896473,Loss Dog,Training
725,1,8,16,0.56359035,Loss Dog,Validation
726,1,8,16,1.0,Accuracy Dog,Training
727,1,8,16,0.8678679,Accuracy Dog,Validation
728,1,8,16,0.030661777,Loss Frog,Training
729,1,8,16,0.22686476,Loss Frog,Validation
730,1,8,16,1.0,Accuracy Frog,Training
731,1,8,16,0.979661,Accuracy Frog,Validation
732,1,8,16,0.020154236,Loss Horse,Training
733,1,8,16,0.87119573,Loss Horse,Validation
734,1,8,16,1.0,Accuracy Horse,Training
735,1,8,16,0.73913044,Accuracy Horse,Validation
736,1,8,16,0.03335738,Loss Plane,Training
737,1,8,16,0.43472606,Loss Plane,Validation
738,1,8,16,1.0,Accuracy Plane,Training
739,1,8,16,0.87460816,Accuracy Plane,Validation
740,1,8,16,0.027485412,Loss Ship,Training
741,1,8,16,0.469642,Loss Ship,Validation
742,1,8,16,1.0,Accuracy Ship,Training
743,1,8,16,0.8918919,Accuracy Ship,Validation
744,1,8,16,0.034054853,Loss Truck,Training
745,1,8,16,0.57489663,Loss Truck,Validation
746,1,8,16,1.0,Accuracy Truck,Training
747,1,8,16,0.8836478,Accuracy Truck,Validation
748,1,8,17,0.027515586,Loss,Training
749,1,8,17,0.48499474,Loss,Validation
750,1,8,17,0.9996942,Accuracy,Training
751,1,8,17,0.8882446,Accuracy,Validation
752,1,8,17,0.022434792,Loss Bird,Training
753,1,8,17,0.3921128,Loss Bird,Validation
754,1,8,17,1.0,Accuracy Bird,Training
755,1,8,17,0.96428573,Accuracy Bird,Validation
756,1,8,17,0.031755134,Loss Car,Training
757,1,8,17,0.47346133,Loss Car,Validation
758,1,8,17,0.9969419,Accuracy Car,Training
759,1,8,17,0.8506098,Accuracy Car,Validation
760,1,8,17,0.01589629,Loss Cat,Training
761,1,8,17,0.35544765,Loss Cat,Validation
762,1,8,17,1.0,Accuracy Cat,Training
763,1,8,17,0.9171779,Accuracy Cat,Validation
764,1,8,17,0.03171792,Loss Deer,Training
765,1,8,17,0.34959644,Loss Deer,Validation
766,1,8,17,1.0,Accuracy Deer,Training
767,1,8,17,0.9235669,Accuracy Deer,Validation
768,1,8,17,0.032314245,Loss Dog,Training
769,1,8,17,0.49476948,Loss Dog,Validation
770,1,8,17,1.0,Accuracy Dog,Training
771,1,8,17,0.90522873,Accuracy Dog,Validation
772,1,8,17,0.026073197,Loss Frog,Training
773,1,8,17,0.29936585,Loss Frog,Validation
774,1,8,17,1.0,Accuracy Frog,Training
775,1,8,17,0.9580838,Accuracy Frog,Validation
776,1,8,17,0.018483108,Loss Horse,Training
777,1,8,17,1.1314737,Loss Horse,Validation
778,1,8,17,1.0,Accuracy Horse,Training
779,1,8,17,0.6722973,Accuracy Horse,Validation
780,1,8,17,0.032600027,Loss Plane,Training
781,1,8,17,0.41125813,Loss Plane,Validation
782,1,8,17,1.0,Accuracy Plane,Training
783,1,8,17,0.8870432,Accuracy Plane,Validation
784,1,8,17,0.026867716,Loss Ship,Training
785,1,8,17,0.4050317,Loss Ship,Validation
786,1,8,17,1.0,Accuracy Ship,Training
787,1,8,17,0.91719747,Accuracy Ship,Validation
788,1,8,17,0.03701345,Loss Truck,Training
789,1,8,17,0.5374302,Loss Truck,Validation
790,1,8,17,1.0,Accuracy Truck,Training
791,1,8,17,0.8869565,Accuracy Truck,Validation
792,1,8,18,0.025858765,Loss,Training
793,1,8,18,0.48236665,Loss,Validation
794,1,8,18,1.0,Accuracy,Training
795,1,8,18,0.880576,Accuracy,Validation
796,1,8,18,0.018415987,Loss Bird,Training
797,1,8,18,0.39849722,Loss Bird,Validation
798,1,8,18,1.0,Accuracy Bird,Training
799,1,8,18,0.96907216,Accuracy Bird,Validation
800,1,8,18,0.027398722,Loss Car,Training
801,1,8,18,0.7560397,Loss Car,Validation
802,1,8,18,1.0,Accuracy Car,Training
803,1,8,18,0.73501575,Accuracy Car,Validation
804,1,8,18,0.016154768,Loss Cat,Training
805,1,8,18,0.32891348,Loss Cat,Validation
806,1,8,18,1.0,Accuracy Cat,Training
807,1,8,18,0.9230769,Accuracy Cat,Validation
808,1,8,18,0.026805805,Loss Deer,Training
809,1,8,18,0.39674097,Loss Deer,Validation
810,1,8,18,1.0,Accuracy Deer,Training
811,1,8,18,0.9237805,Accuracy Deer,Validation
812,1,8,18,0.03379963,Loss Dog,Training
813,1,8,18,0.4344955,Loss Dog,Validation
814,1,8,18,1.0,Accuracy Dog,Training
815,1,8,18,0.9217391,Accuracy Dog,Validation
816,1,8,18,0.028156154,Loss Frog,Training
817,1,8,18,0.22667012,Loss Frog,Validation
818,1,8,18,1.0,Accuracy Frog,Training
819,1,8,18,0.96615386,Accuracy Frog,Validation
820,1,8,18,0.023357311,Loss Horse,Training
821,1,8,18,0.92046607,Loss Horse,Validation
822,1,8,18,1.0,Accuracy Horse,Training
823,1,8,18,0.7008547,Accuracy Horse,Validation
824,1,8,18,0.027598023,Loss Plane,Training
825,1,8,18,0.47855118,Loss Plane,Validation
826,1,8,18,1.0,Accuracy Plane,Training
827,1,8,18,0.84158415,Accuracy Plane,Validation
828,1,8,18,0.027082376,Loss Ship,Training
829,1,8,18,0.42480218,Loss Ship,Validation
830,1,8,18,1.0,Accuracy Ship,Training
831,1,8,18,0.91925466,Accuracy Ship,Validation
832,1,8,18,0.02981888,Loss Truck,Training
833,1,8,18,0.45849007,Loss Truck,Validation
834,1,8,18,1.0,Accuracy Truck,Training
835,1,8,18,0.90522873,Accuracy Truck,Validation
836,1,8,19,0.0226362,Loss,Training
837,1,8,19,0.46236458,Loss,Validation
838,1,8,19,0.99968255,Accuracy,Training
839,1,8,19,0.8873631,Accuracy,Validation
840,1,8,19,0.01743382,Loss Bird,Training
841,1,8,19,0.40445963,Loss Bird,Validation
842,1,8,19,1.0,Accuracy Bird,Training
843,1,8,19,0.9559748,Accuracy Bird,Validation
844,1,8,19,0.026032446,Loss Car,Training
845,1,8,19,0.5536522,Loss Car,Validation
846,1,8,19,1.0,Accuracy Car,Training
847,1,8,19,0.7944251,Accuracy Car,Validation
848,1,8,19,0.014099343,Loss Cat,Training
849,1,8,19,0.41117632,Loss Cat,Validation
850,1,8,19,1.0,Accuracy Cat,Training
851,1,8,19,0.92705166,Accuracy Cat,Validation
852,1,8,19,0.026932165,Loss Deer,Training
853,1,8,19,0.32230073,Loss Deer,Validation
854,1,8,19,1.0,Accuracy Deer,Training
855,1,8,19,0.9325513,Accuracy Deer,Validation
856,1,8,19,0.029422045,Loss Dog,Training
857,1,8,19,0.5081615,Loss Dog,Validation
858,1,8,19,1.0,Accuracy Dog,Training
859,1,8,19,0.88988096,Accuracy Dog,Validation
860,1,8,19,0.021109646,Loss Frog,Training
861,1,8,19,0.2227239,Loss Frog,Validation
862,1,8,19,1.0,Accuracy Frog,Training
863,1,8,19,0.96480936,Accuracy Frog,Validation
864,1,8,19,0.017201625,Loss Horse,Training
865,1,8,19,0.806682,Loss Horse,Validation
866,1,8,19,1.0,Accuracy Horse,Training
867,1,8,19,0.73630136,Accuracy Horse,Validation
868,1,8,19,0.021820592,Loss Plane,Training
869,1,8,19,0.48320606,Loss Plane,Validation
870,1,8,19,1.0,Accuracy Plane,Training
871,1,8,19,0.87234044,Accuracy Plane,Validation
872,1,8,19,0.021345437,Loss Ship,Training
873,1,8,19,0.36825287,Loss Ship,Validation
874,1,8,19,1.0,Accuracy Ship,Training
875,1,8,19,0.91721857,Accuracy Ship,Validation
876,1,8,19,0.030964866,Loss Truck,Training
877,1,8,19,0.5430308,Loss Truck,Validation
878,1,8,19,0.9968254,Accuracy Truck,Training
879,1,8,19,0.8830769,Accuracy Truck,Validation
880,1,8,20,0.02032233,Loss,Training
881,1,8,20,0.44970265,Loss,Validation
882,1,8,20,0.9996988,Accuracy,Training
883,1,8,20,0.885744,Accuracy,Validation
884,1,8,20,0.025913276,Loss Bird,Training
885,1,8,20,0.39359668,Loss Bird,Validation
886,1,8,20,0.99698794,Accuracy Bird,Training
887,1,8,20,0.94545454,Accuracy Bird,Validation
888,1,8,20,0.020666301,Loss Car,Training
889,1,8,20,0.6117528,Loss Car,Validation
890,1,8,20,1.0,Accuracy Car,Training
891,1,8,20,0.7524116,Accuracy Car,Validation
892,1,8,20,0.011326428,Loss Cat,Training
893,1,8,20,0.28567633,Loss Cat,Validation
894,1,8,20,1.0,Accuracy Cat,Training
895,1,8,20,0.9399399,Accuracy Cat,Validation
896,1,8,20,0.021481076,Loss Deer,Training
897,1,8,20,0.37093928,Loss Deer,Validation
898,1,8,20,1.0,Accuracy Deer,Training
899,1,8,20,0.9040248,Accuracy Deer,Validation
900,1,8,20,0.02378103,Loss Dog,Training
901,1,8,20,0.46685922,Loss Dog,Validation
902,1,8,20,1.0,Accuracy Dog,Training
903,1,8,20,0.88957053,Accuracy Dog,Validation
904,1,8,20,0.01658373,Loss Frog,Training
905,1,8,20,0.25580794,Loss Frog,Validation
906,1,8,20,1.0,Accuracy Frog,Training
907,1,8,20,0.96039605,Accuracy Frog,Validation
908,1,8,20,0.017416518,Loss Horse,Training
909,1,8,20,0.8329523,Loss Horse,Validation
910,1,8,20,1.0,Accuracy Horse,Training
911,1,8,20,0.75986844,Accuracy Horse,Validation
912,1,8,20,0.022711828,Loss Plane,Training
913,1,8,20,0.37851077,Loss Plane,Validation
914,1,8,20,1.0,Accuracy Plane,Training
915,1,8,20,0.90588236,Accuracy Plane,Validation
916,1,8,20,0.019531826,Loss Ship,Training
917,1,8,20,0.4445796,Loss Ship,Validation
918,1,8,20,1.0,Accuracy Ship,Training
919,1,8,20,0.8942308,Accuracy Ship,Validation
920,1,8,20,0.023811284,Loss Truck,Training
921,1,8,20,0.45635113,Loss Truck,Validation
922,1,8,20,1.0,Accuracy Truck,Training
923,1,8,20,0.9056604,Accuracy Truck,Validation
924,1,8,21,0.018165642,Loss,Training
925,1,8,21,0.48764268,Loss,Validation
926,1,8,21,0.9996816,Accuracy,Training
927,1,8,21,0.8746154,Accuracy,Validation
928,1,8,21,0.013120789,Loss Bird,Training
929,1,8,21,0.3782997,Loss Bird,Validation
930,1,8,21,1.0,Accuracy Bird,Training
931,1,8,21,0.9495268,Accuracy Bird,Validation
932,1,8,21,0.021188714,Loss Car,Training
933,1,8,21,0.5738992,Loss Car,Validation
934,1,8,21,1.0,Accuracy Car,Training
935,1,8,21,0.79452056,Accuracy Car,Validation
936,1,8,21,0.009976498,Loss Cat,Training
937,1,8,21,0.4575512,Loss Cat,Validation
938,1,8,21,1.0,Accuracy Cat,Training
939,1,8,21,0.8836478,Accuracy Cat,Validation
940,1,8,21,0.017998334,Loss Deer,Training
941,1,8,21,0.27706268,Loss Deer,Validation
942,1,8,21,1.0,Accuracy Deer,Training
943,1,8,21,0.9411765,Accuracy Deer,Validation
944,1,8,21,0.020791069,Loss Dog,Training
945,1,8,21,0.420972,Loss Dog,Validation
946,1,8,21,1.0,Accuracy Dog,Training
947,1,8,21,0.9240506,Accuracy Dog,Validation
948,1,8,21,0.01578044,Loss Frog,Training
949,1,8,21,0.23400927,Loss Frog,Validation
950,1,8,21,1.0,Accuracy Frog,Training
951,1,8,21,0.959375,Accuracy Frog,Validation
952,1,8,21,0.01364147,Loss Horse,Training
953,1,8,21,1.199756,Loss Horse,Validation
954,1,8,21,1.0,Accuracy Horse,Training
955,1,8,21,0.62985075,Accuracy Horse,Validation
956,1,8,21,0.020729506,Loss Plane,Training
957,1,8,21,0.4557274,Loss Plane,Validation
958,1,8,21,1.0,Accuracy Plane,Training
959,1,8,21,0.8909091,Accuracy Plane,Validation
960,1,8,21,0.020728318,Loss Ship,Training
961,1,8,21,0.36143902,Loss Ship,Validation
962,1,8,21,1.0,Accuracy Ship,Training
963,1,8,21,0.9163987,Accuracy Ship,Validation
964,1,8,21,0.027701268,Loss Truck,Training
965,1,8,21,0.5177099,Loss Truck,Validation
966,1,8,21,0.99681526,Accuracy Truck,Training
967,1,8,21,0.8566978,Accuracy Truck,Validation
968,1,8,22,0.015950013,Loss,Training
969,1,8,22,0.45103946,Loss,Validation
970,1,8,22,1.0,Accuracy,Training
971,1,8,22,0.8881442,Accuracy,Validation
972,1,8,22,0.012649604,Loss Bird,Training
973,1,8,22,0.34788975,Loss Bird,Validation
974,1,8,22,1.0,Accuracy Bird,Training
975,1,8,22,0.9508772,Accuracy Bird,Validation
976,1,8,22,0.018437948,Loss Car,Training
977,1,8,22,0.54371953,Loss Car,Validation
978,1,8,22,1.0,Accuracy Car,Training
979,1,8,22,0.8195266,Accuracy Car,Validation
980,1,8,22,0.008844373,Loss Cat,Training
981,1,8,22,0.3394579,Loss Cat,Validation
982,1,8,22,1.0,Accuracy Cat,Training
983,1,8,22,0.93272173,Accuracy Cat,Validation
984,1,8,22,0.018346809,Loss Deer,Training
985,1,8,22,0.37556076,Loss Deer,Validation
986,1,8,22,1.0,Accuracy Deer,Training
987,1,8,22,0.89235127,Accuracy Deer,Validation
988,1,8,22,0.019683547,Loss Dog,Training
989,1,8,22,0.46628478,Loss Dog,Validation
990,1,8,22,1.0,Accuracy Dog,Training
991,1,8,22,0.90712076,Accuracy Dog,Validation
992,1,8,22,0.014551789,Loss Frog,Training
993,1,8,22,0.19384195,Loss Frog,Validation
994,1,8,22,1.0,Accuracy Frog,Training
995,1,8,22,0.9822695,Accuracy Frog,Validation
996,1,8,22,0.014383352,Loss Horse,Training
997,1,8,22,1.0098622,Loss Horse,Validation
998,1,8,22,1.0,Accuracy Horse,Training
999,1,8,22,0.725,Accuracy Horse,Validation
1000,1,8,22,0.01673437,Loss Plane,Training
1001,1,8,22,0.38755268,Loss Plane,Validation
1002,1,8,22,1.0,Accuracy Plane,Training
1003,1,8,22,0.9023569,Accuracy Plane,Validation
1004,1,8,22,0.018144686,Loss Ship,Training
1005,1,8,22,0.34606263,Loss Ship,Validation
1006,1,8,22,1.0,Accuracy Ship,Training
1007,1,8,22,0.88819873,Accuracy Ship,Validation
1008,1,8,22,0.017723667,Loss Truck,Training
1009,1,8,22,0.50016254,Loss Truck,Validation
1010,1,8,22,1.0,Accuracy Truck,Training
1011,1,8,22,0.88101983,Accuracy Truck,Validation
1012,1,8,23,0.014445985,Loss,Training
1013,1,8,23,0.45868048,Loss,Validation
1014,1,8,23,1.0,Accuracy,Training
1015,1,8,23,0.8799144,Accuracy,Validation
1016,1,8,23,0.009257906,Loss Bird,Training
1017,1,8,23,0.37408638,Loss Bird,Validation
1018,1,8,23,1.0,Accuracy Bird,Training
1019,1,8,23,0.93732196,Accuracy Bird,Validation
1020,1,8,23,0.017573144,Loss Car,Training
1021,1,8,23,0.6374448,Loss Car,Validation
1022,1,8,23,1.0,Accuracy Car,Training
1023,1,8,23,0.76086956,Accuracy Car,Validation
1024,1,8,23,0.007978654,Loss Cat,Training
1025,1,8,23,0.37783638,Loss Cat,Validation
1026,1,8,23,1.0,Accuracy Cat,Training
1027,1,8,23,0.8980892,Accuracy Cat,Validation
1028,1,8,23,0.015523875,Loss Deer,Training
1029,1,8,23,0.26402193,Loss Deer,Validation
1030,1,8,23,1.0,Accuracy Deer,Training
1031,1,8,23,0.94080997,Accuracy Deer,Validation
1032,1,8,23,0.019555125,Loss Dog,Training
1033,1,8,23,0.47705483,Loss Dog,Validation
1034,1,8,23,1.0,Accuracy Dog,Training
1035,1,8,23,0.92537314,Accuracy Dog,Validation
1036,1,8,23,0.013617292,Loss Frog,Training
1037,1,8,23,0.2058633,Loss Frog,Validation
1038,1,8,23,1.0,Accuracy Frog,Training
1039,1,8,23,0.9730539,Accuracy Frog,Validation
1040,1,8,23,0.0132597815,Loss Horse,Training
1041,1,8,23,0.9395063,Loss Horse,Validation
1042,1,8,23,1.0,Accuracy Horse,Training
1043,1,8,23,0.7067039,Accuracy Horse,Validation
1044,1,8,23,0.01739626,Loss Plane,Training
1045,1,8,23,0.45094582,Loss Plane,Validation
1046,1,8,23,1.0,Accuracy Plane,Training
1047,1,8,23,0.8770764,Accuracy Plane,Validation
1048,1,8,23,0.01232264,Loss Ship,Training
1049,1,8,23,0.3866363,Loss Ship,Validation
1050,1,8,23,1.0,Accuracy Ship,Training
1051,1,8,23,0.8817568,Accuracy Ship,Validation
1052,1,8,23,0.017975165,Loss Truck,Training
1053,1,8,23,0.47340855,Loss Truck,Validation
1054,1,8,23,1.0,Accuracy Truck,Training
1055,1,8,23,0.8980892,Accuracy Truck,Validation
1056,1,8,24,0.013106731,Loss,Training
1057,1,8,24,0.48852506,Loss,Validation
1058,1,8,24,1.0,Accuracy,Training
1059,1,8,24,0.8670222,Accuracy,Validation
1060,1,8,24,0.011241873,Loss Bird,Training
1061,1,8,24,0.40518224,Loss Bird,Validation
1062,1,8,24,1.0,Accuracy Bird,Training
1063,1,8,24,0.9212329,Accuracy Bird,Validation
1064,1,8,24,0.014178657,Loss Car,Training
1065,1,8,24,0.60334396,Loss Car,Validation
1066,1,8,24,1.0,Accuracy Car,Training
1067,1,8,24,0.7305195,Accuracy Car,Validation
1068,1,8,24,0.0068941824,Loss Cat,Training
1069,1,8,24,0.45536348,Loss Cat,Validation
1070,1,8,24,1.0,Accuracy Cat,Training
1071,1,8,24,0.887538,Accuracy Cat,Validation
1072,1,8,24,0.014699172,Loss Deer,Training
1073,1,8,24,0.36321464,Loss Deer,Validation
1074,1,8,24,1.0,Accuracy Deer,Training
1075,1,8,24,0.9060606,Accuracy Deer,Validation
1076,1,8,24,0.016235963,Loss Dog,Training
1077,1,8,24,0.4478665,Loss Dog,Validation
1078,1,8,24,1.0,Accuracy Dog,Training
1079,1,8,24,0.9285714,Accuracy Dog,Validation
1080,1,8,24,0.012237488,Loss Frog,Training
1081,1,8,24,0.19533497,Loss Frog,Validation
1082,1,8,24,1.0,Accuracy Frog,Training
1083,1,8,24,0.9658385,Accuracy Frog,Validation
1084,1,8,24,0.009936402,Loss Horse,Training
1085,1,8,24,1.0471753,Loss Horse,Validation
1086,1,8,24,1.0,Accuracy Horse,Training
1087,1,8,24,0.67741936,Accuracy Horse,Validation
1088,1,8,24,0.01673879,Loss Plane,Training
1089,1,8,24,0.44953623,Loss Plane,Validation
1090,1,8,24,1.0,Accuracy Plane,Training
1091,1,8,24,0.89144737,Accuracy Plane,Validation
1092,1,8,24,0.0122114755,Loss Ship,Training
1093,1,8,24,0.42178082,Loss Ship,Validation
1094,1,8,24,1.0,Accuracy Ship,Training
1095,1,8,24,0.8957055,Accuracy Ship,Validation
1096,1,8,24,0.01669331,Loss Truck,Training
1097,1,8,24,0.49645218,Loss Truck,Validation
1098,1,8,24,1.0,Accuracy Truck,Training
1099,1,8,24,0.8658892,Accuracy Truck,Validation
1100,1,8,25,0.012966303,Loss,Training
1101,1,8,25,0.4654266,Loss,Validation
1102,1,8,25,0.99968946,Accuracy,Training
1103,1,8,25,0.8784323,Accuracy,Validation
1104,1,8,25,0.01201428,Loss Bird,Training
1105,1,8,25,0.33770356,Loss Bird,Validation
1106,1,8,25,1.0,Accuracy Bird,Training
1107,1,8,25,0.9310345,Accuracy Bird,Validation
1108,1,8,25,0.014876181,Loss Car,Training
1109,1,8,25,0.70656294,Loss Car,Validation
1110,1,8,25,1.0,Accuracy Car,Training
1111,1,8,25,0.7466216,Accuracy Car,Validation
1112,1,8,25,0.007094338,Loss Cat,Training
1113,1,8,25,0.31183806,Loss Cat,Validation
1114,1,8,25,1.0,Accuracy Cat,Training
1115,1,8,25,0.9285714,Accuracy Cat,Validation
1116,1,8,25,0.013297862,Loss Deer,Training
1117,1,8,25,0.46929935,Loss Deer,Validation
1118,1,8,25,1.0,Accuracy Deer,Training
1119,1,8,25,0.88857144,Accuracy Deer,Validation
1120,1,8,25,0.016760599,Loss Dog,Training
1121,1,8,25,0.50919175,Loss Dog,Validation
1122,1,8,25,1.0,Accuracy Dog,Training
1123,1,8,25,0.8742515,Accuracy Dog,Validation
1124,1,8,25,0.011190519,Loss Frog,Training
1125,1,8,25,0.20973147,Loss Frog,Validation
1126,1,8,25,1.0,Accuracy Frog,Training
1127,1,8,25,0.9685535,Accuracy Frog,Validation
1128,1,8,25,0.010012596,Loss Horse,Training
1129,1,8,25,0.92234993,Loss Horse,Validation
1130,1,8,25,1.0,Accuracy Horse,Training
1131,1,8,25,0.7151899,Accuracy Horse,Validation
1132,1,8,25,0.013498708,Loss Plane,Training
1133,1,8,25,0.37369412,Loss Plane,Validation
1134,1,8,25,1.0,Accuracy Plane,Training
1135,1,8,25,0.9026549,Accuracy Plane,Validation
1136,1,8,25,0.011832152,Loss Ship,Training
1137,1,8,25,0.4693303,Loss Ship,Validation
1138,1,8,25,1.0,Accuracy Ship,Training
1139,1,8,25,0.87025315,Accuracy Ship,Validation
1140,1,8,25,0.01908581,Loss Truck,Training
1141,1,8,25,0.34456402,Loss Truck,Validation
1142,1,8,25,0.9968944,Accuracy Truck,Training
1143,1,8,25,0.95862067,Accuracy Truck,Validation
1144,1,8,26,0.010915684,Loss,Training
1145,1,8,26,0.46494132,Loss,Validation
1146,1,8,26,1.0,Accuracy,Training
1147,1,8,26,0.87078494,Accuracy,Validation
1148,1,8,26,0.008055936,Loss Bird,Training
1149,1,8,26,0.259385,Loss Bird,Validation
1150,1,8,26,1.0,Accuracy Bird,Training
1151,1,8,26,0.9649123,Accuracy Bird,Validation
1152,1,8,26,0.012261429,Loss Car,Training
1153,1,8,26,0.5758359,Loss Car,Validation
1154,1,8,26,1.0,Accuracy Car,Training
1155,1,8,26,0.8054711,Accuracy Car,Validation
1156,1,8,26,0.0072455336,Loss Cat,Training
1157,1,8,26,0.34484702,Loss Cat,Validation
1158,1,8,26,1.0,Accuracy Cat,Training
1159,1,8,26,0.9131833,Accuracy Cat,Validation
1160,1,8,26,0.010753398,Loss Deer,Training
1161,1,8,26,0.4030757,Loss Deer,Validation
1162,1,8,26,1.0,Accuracy Deer,Training
1163,1,8,26,0.88145894,Accuracy Deer,Validation
1164,1,8,26,0.013564028,Loss Dog,Training
1165,1,8,26,0.5022811,Loss Dog,Validation
1166,1,8,26,1.0,Accuracy Dog,Training
1167,1,8,26,0.86513156,Accuracy Dog,Validation
1168,1,8,26,0.009870132,Loss Frog,Training
1169,1,8,26,0.183439,Loss Frog,Validation
1170,1,8,26,1.0,Accuracy Frog,Training
1171,1,8,26,0.9722222,Accuracy Frog,Validation
1172,1,8,26,0.008166525,Loss Horse,Training
1173,1,8,26,0.97222054,Loss Horse,Validation
1174,1,8,26,1.0,Accuracy Horse,Training
1175,1,8,26,0.69135803,Accuracy Horse,Validation
1176,1,8,26,0.013697837,Loss Plane,Training
1177,1,8,26,0.3597168,Loss Plane,Validation
1178,1,8,26,1.0,Accuracy Plane,Training
1179,1,8,26,0.8929664,Accuracy Plane,Validation
1180,1,8,26,0.010707939,Loss Ship,Training
1181,1,8,26,0.49724555,Loss Ship,Validation
1182,1,8,26,1.0,Accuracy Ship,Training
1183,1,8,26,0.86011904,Accuracy Ship,Validation
1184,1,8,26,0.014834084,Loss Truck,Training
1185,1,8,26,0.55136687,Loss Truck,Validation
1186,1,8,26,1.0,Accuracy Truck,Training
1187,1,8,26,0.8610272,Accuracy Truck,Validation
1188,1,8,27,0.010432826,Loss,Training
1189,1,8,27,0.48692307,Loss,Validation
1190,1,8,27,1.0,Accuracy,Training
1191,1,8,27,0.8697114,Accuracy,Validation
1192,1,8,27,0.008372744,Loss Bird,Training
1193,1,8,27,0.3187272,Loss Bird,Validation
1194,1,8,27,1.0,Accuracy Bird,Training
1195,1,8,27,0.9498525,Accuracy Bird,Validation
1196,1,8,27,0.013090606,Loss Car,Training
1197,1,8,27,0.6642858,Loss Car,Validation
1198,1,8,27,1.0,Accuracy Car,Training
1199,1,8,27,0.7190635,Accuracy Car,Validation
1200,1,8,27,0.007184516,Loss Cat,Training
1201,1,8,27,0.33685473,Loss Cat,Validation
1202,1,8,27,1.0,Accuracy Cat,Training
1203,1,8,27,0.92261904,Accuracy Cat,Validation
1204,1,8,27,0.012663441,Loss Deer,Training
1205,1,8,27,0.34046236,Loss Deer,Validation
1206,1,8,27,1.0,Accuracy Deer,Training
1207,1,8,27,0.92749244,Accuracy Deer,Validation
1208,1,8,27,0.011618765,Loss Dog,Training
1209,1,8,27,0.5537152,Loss Dog,Validation
1210,1,8,27,1.0,Accuracy Dog,Training
1211,1,8,27,0.84821427,Accuracy Dog,Validation
1212,1,8,27,0.008706835,Loss Frog,Training
1213,1,8,27,0.2165156,Loss Frog,Validation
1214,1,8,27,1.0,Accuracy Frog,Training
1215,1,8,27,0.96363634,Accuracy Frog,Validation
1216,1,8,27,0.007358758,Loss Horse,Training
1217,1,8,27,1.1652943,Loss Horse,Validation
1218,1,8,27,1.0,Accuracy Horse,Training
1219,1,8,27,0.6625387,Accuracy Horse,Validation
1220,1,8,27,0.012543542,Loss Plane,Training
1221,1,8,27,0.4196304,Loss Plane,Validation
1222,1,8,27,1.0,Accuracy Plane,Training
1223,1,8,27,0.8737201,Accuracy Plane,Validation
1224,1,8,27,0.010558433,Loss Ship,Training
1225,1,8,27,0.3755982,Loss Ship,Validation
1226,1,8,27,1.0,Accuracy Ship,Training
1227,1,8,27,0.9208861,Accuracy Ship,Validation
1228,1,8,27,0.012230609,Loss Truck,Training
1229,1,8,27,0.47814706,Loss Truck,Validation
1230,1,8,27,1.0,Accuracy Truck,Training
1231,1,8,27,0.90909094,Accuracy Truck,Validation
1232,1,8,28,0.009468703,Loss,Training
1233,1,8,28,0.43566626,Loss,Validation
1234,1,8,28,1.0,Accuracy,Training
1235,1,8,28,0.89455,Accuracy,Validation
1236,1,8,28,0.0079619065,Loss Bird,Training
1237,1,8,28,0.3616435,Loss Bird,Validation
1238,1,8,28,1.0,Accuracy Bird,Training
1239,1,8,28,0.95,Accuracy Bird,Validation
1240,1,8,28,0.014400102,Loss Car,Training
1241,1,8,28,0.51947176,Loss Car,Validation
1242,1,8,28,1.0,Accuracy Car,Training
1243,1,8,28,0.8373494,Accuracy Car,Validation
1244,1,8,28,0.0056437375,Loss Cat,Training
1245,1,8,28,0.3477953,Loss Cat,Validation
1246,1,8,28,1.0,Accuracy Cat,Training
1247,1,8,28,0.9202454,Accuracy Cat,Validation
1248,1,8,28,0.009905778,Loss Deer,Training
1249,1,8,28,0.34507498,Loss Deer,Validation
1250,1,8,28,1.0,Accuracy Deer,Training
1251,1,8,28,0.9259259,Accuracy Deer,Validation
1252,1,8,28,0.011182417,Loss Dog,Training
1253,1,8,28,0.39764553,Loss Dog,Validation
1254,1,8,28,1.0,Accuracy Dog,Training
1255,1,8,28,0.93485343,Accuracy Dog,Validation
1256,1,8,28,0.008557125,Loss Frog,Training
1257,1,8,28,0.14630489,Loss Frog,Validation
1258,1,8,28,1.0,Accuracy Frog,Training
1259,1,8,28,0.97791797,Accuracy Frog,Validation
1260,1,8,28,0.007593115,Loss Horse,Training
1261,1,8,28,0.9330071,Loss Horse,Validation
1262,1,8,28,1.0,Accuracy Horse,Training
1263,1,8,28,0.74922603,Accuracy Horse,Validation
1264,1,8,28,0.009343802,Loss Plane,Training
1265,1,8,28,0.4770319,Loss Plane,Validation
1266,1,8,28,1.0,Accuracy Plane,Training
1267,1,8,28,0.86585367,Accuracy Plane,Validation
1268,1,8,28,0.0100227455,Loss Ship,Training
1269,1,8,28,0.32510227,Loss Ship,Validation
1270,1,8,28,1.0,Accuracy Ship,Training
1271,1,8,28,0.9118541,Accuracy Ship,Validation
1272,1,8,28,0.010076298,Loss Truck,Training
1273,1,8,28,0.50358546,Loss Truck,Validation
1274,1,8,28,1.0,Accuracy Truck,Training
1275,1,8,28,0.87227416,Accuracy Truck,Validation
1276,1,8,29,0.008392772,Loss,Training
1277,1,8,29,0.42115274,Loss,Validation
1278,1,8,29,1.0,Accuracy,Training
1279,1,8,29,0.8889511,Accuracy,Validation
1280,1,8,29,0.007914875,Loss Bird,Training
1281,1,8,29,0.35400972,Loss Bird,Validation
1282,1,8,29,1.0,Accuracy Bird,Training
1283,1,8,29,0.9573771,Accuracy Bird,Validation
1284,1,8,29,0.008747915,Loss Car,Training
1285,1,8,29,0.45922297,Loss Car,Validation
1286,1,8,29,1.0,Accuracy Car,Training
1287,1,8,29,0.83439493,Accuracy Car,Validation
1288,1,8,29,0.0039226105,Loss Cat,Training
1289,1,8,29,0.32231477,Loss Cat,Validation
1290,1,8,29,1.0,Accuracy Cat,Training
1291,1,8,29,0.9113924,Accuracy Cat,Validation
1292,1,8,29,0.009860138,Loss Deer,Training
1293,1,8,29,0.37752116,Loss Deer,Validation
1294,1,8,29,1.0,Accuracy Deer,Training
1295,1,8,29,0.88102895,Accuracy Deer,Validation
1296,1,8,29,0.009469753,Loss Dog,Training
1297,1,8,29,0.4923615,Loss Dog,Validation
1298,1,8,29,1.0,Accuracy Dog,Training
1299,1,8,29,0.88064516,Accuracy Dog,Validation
1300,1,8,29,0.0072022765,Loss Frog,Training
1301,1,8,29,0.14708817,Loss Frog,Validation
1302,1,8,29,1.0,Accuracy Frog,Training
1303,1,8,29,0.97727275,Accuracy Frog,Validation
1304,1,8,29,0.005727861,Loss Horse,Training
1305,1,8,29,0.9702575,Loss Horse,Validation
1306,1,8,29,1.0,Accuracy Horse,Training
1307,1,8,29,0.7161716,Accuracy Horse,Validation
1308,1,8,29,0.0092947045,Loss Plane,Training
1309,1,8,29,0.39823908,Loss Plane,Validation
1310,1,8,29,1.0,Accuracy Plane,Training
1311,1,8,29,0.8835821,Accuracy Plane,Validation
1312,1,8,29,0.009527951,Loss Ship,Training
1313,1,8,29,0.3089583,Loss Ship,Validation
1314,1,8,29,1.0,Accuracy Ship,Training
1315,1,8,29,0.9285714,Accuracy Ship,Validation
1316,1,8,29,0.012259642,Loss Truck,Training
1317,1,8,29,0.38155445,Loss Truck,Validation
1318,1,8,29,1.0,Accuracy Truck,Training
1319,1,8,29,0.91907513,Accuracy Truck,Validation
1320,1,8,30,0.007872722,Loss,Training
1321,1,8,30,0.47880974,Loss,Validation
1322,1,8,30,1.0,Accuracy,Training
1323,1,8,30,0.87101793,Accuracy,Validation
1324,1,8,30,0.0049921847,Loss Bird,Training
1325,1,8,30,0.36394432,Loss Bird,Validation
1326,1,8,30,1.0,Accuracy Bird,Training
1327,1,8,30,0.9402985,Accuracy Bird,Validation
1328,1,8,30,0.009442183,Loss Car,Training
1329,1,8,30,0.6806996,Loss Car,Validation
1330,1,8,30,1.0,Accuracy Car,Training
1331,1,8,30,0.7461774,Accuracy Car,Validation
1332,1,8,30,0.0038576107,Loss Cat,Training
1333,1,8,30,0.29892546,Loss Cat,Validation
1334,1,8,30,1.0,Accuracy Cat,Training
1335,1,8,30,0.9398734,Accuracy Cat,Validation
1336,1,8,30,0.007272841,Loss Deer,Training
1337,1,8,30,0.32387862,Loss Deer,Validation
1338,1,8,30,1.0,Accuracy Deer,Training
1339,1,8,30,0.926045,Accuracy Deer,Validation
1340,1,8,30,0.008000742,Loss Dog,Training
1341,1,8,30,0.36993432,Loss Dog,Validation
1342,1,8,30,1.0,Accuracy Dog,Training
1343,1,8,30,0.90784985,Accuracy Dog,Validation
1344,1,8,30,0.0070285453,Loss Frog,Training
1345,1,8,30,0.18227041,Loss Frog,Validation
1346,1,8,30,1.0,Accuracy Frog,Training
1347,1,8,30,0.96407187,Accuracy Frog,Validation
1348,1,8,30,0.0055385362,Loss Horse,Training
1349,1,8,30,1.1832488,Loss Horse,Validation
1350,1,8,30,1.0,Accuracy Horse,Training
1351,1,8,30,0.67723346,Accuracy Horse,Validation
1352,1,8,30,0.009628311,Loss Plane,Training
1353,1,8,30,0.4025966,Loss Plane,Validation
1354,1,8,30,1.0,Accuracy Plane,Training
1355,1,8,30,0.8896104,Accuracy Plane,Validation
1356,1,8,30,0.010923712,Loss Ship,Training
1357,1,8,30,0.33663335,Loss Ship,Validation
1358,1,8,30,1.0,Accuracy Ship,Training
1359,1,8,30,0.88785046,Accuracy Ship,Validation
1360,1,8,30,0.012042562,Loss Truck,Training
1361,1,8,30,0.6459663,Loss Truck,Validation
1362,1,8,30,1.0,Accuracy Truck,Training
1363,1,8,30,0.83116883,Accuracy Truck,Validation
1364,1,8,31,0.007092378,Loss,Training
1365,1,8,31,0.449538,Loss,Validation
1366,1,8,31,1.0,Accuracy,Training
1367,1,8,31,0.8815425,Accuracy,Validation
1368,1,8,31,0.0055647413,Loss Bird,Training
1369,1,8,31,0.24802618,Loss Bird,Validation
1370,1,8,31,1.0,Accuracy Bird,Training
1371,1,8,31,0.9879518,Accuracy Bird,Validation
1372,1,8,31,0.007241448,Loss Car,Training
1373,1,8,31,0.5709532,Loss Car,Validation
1374,1,8,31,1.0,Accuracy Car,Training
1375,1,8,31,0.7485549,Accuracy Car,Validation
1376,1,8,31,0.0049299807,Loss Cat,Training
1377,1,8,31,0.36851263,Loss Cat,Validation
1378,1,8,31,1.0,Accuracy Cat,Training
1379,1,8,31,0.9017341,Accuracy Cat,Validation
1380,1,8,31,0.0068029356,Loss Deer,Training
1381,1,8,31,0.34361836,Loss Deer,Validation
1382,1,8,31,1.0,Accuracy Deer,Training
1383,1,8,31,0.9390681,Accuracy Deer,Validation
1384,1,8,31,0.008359576,Loss Dog,Training
1385,1,8,31,0.45564586,Loss Dog,Validation
1386,1,8,31,1.0,Accuracy Dog,Training
1387,1,8,31,0.9013606,Accuracy Dog,Validation
1388,1,8,31,0.00781952,Loss Frog,Training
1389,1,8,31,0.19473703,Loss Frog,Validation
1390,1,8,31,1.0,Accuracy Frog,Training
1391,1,8,31,0.95,Accuracy Frog,Validation
1392,1,8,31,0.0063690944,Loss Horse,Training
1393,1,8,31,1.1466807,Loss Horse,Validation
1394,1,8,31,1.0,Accuracy Horse,Training
1395,1,8,31,0.6886792,Accuracy Horse,Validation
1396,1,8,31,0.0072779395,Loss Plane,Training
1397,1,8,31,0.3561146,Loss Plane,Validation
1398,1,8,31,1.0,Accuracy Plane,Training
1399,1,8,31,0.8805031,Accuracy Plane,Validation
1400,1,8,31,0.0073056472,Loss Ship,Training
1401,1,8,31,0.368354,Loss Ship,Validation
1402,1,8,31,1.0,Accuracy Ship,Training
1403,1,8,31,0.91384614,Accuracy Ship,Validation
1404,1,8,31,0.009252898,Loss Truck,Training
1405,1,8,31,0.4427376,Loss Truck,Validation
1406,1,8,31,1.0,Accuracy Truck,Training
1407,1,8,31,0.9037267,Accuracy Truck,Validation
1408,1,8,32,0.006235827,Loss,Training
1409,1,8,32,0.44703823,Loss,Validation
1410,1,8,32,1.0,Accuracy,Training
1411,1,8,32,0.8776053,Accuracy,Validation
1412,1,8,32,0.005122499,Loss Bird,Training
1413,1,8,32,0.3355576,Loss Bird,Validation
1414,1,8,32,1.0,Accuracy Bird,Training
1415,1,8,32,0.95583594,Accuracy Bird,Validation
1416,1,8,32,0.006842997,Loss Car,Training
1417,1,8,32,0.7205498,Loss Car,Validation
1418,1,8,32,1.0,Accuracy Car,Training
1419,1,8,32,0.73602486,Accuracy Car,Validation
1420,1,8,32,0.005414389,Loss Cat,Training
1421,1,8,32,0.3555146,Loss Cat,Validation
1422,1,8,32,1.0,Accuracy Cat,Training
1423,1,8,32,0.888535,Accuracy Cat,Validation
1424,1,8,32,0.007755251,Loss Deer,Training
1425,1,8,32,0.4112194,Loss Deer,Validation
1426,1,8,32,1.0,Accuracy Deer,Training
1427,1,8,32,0.8794788,Accuracy Deer,Validation
1428,1,8,32,0.0066366196,Loss Dog,Training
1429,1,8,32,0.4417671,Loss Dog,Validation
1430,1,8,32,1.0,Accuracy Dog,Training
1431,1,8,32,0.9122257,Accuracy Dog,Validation
1432,1,8,32,0.0056256154,Loss Frog,Training
1433,1,8,32,0.09512498,Loss Frog,Validation
1434,1,8,32,1.0,Accuracy Frog,Training
1435,1,8,32,0.9911243,Accuracy Frog,Validation
1436,1,8,32,0.003765207,Loss Horse,Training
1437,1,8,32,0.92823553,Loss Horse,Validation
1438,1,8,32,1.0,Accuracy Horse,Training
1439,1,8,32,0.7181818,Accuracy Horse,Validation
1440,1,8,32,0.0066152597,Loss Plane,Training
1441,1,8,32,0.34129328,Loss Plane,Validation
1442,1,8,32,1.0,Accuracy Plane,Training
1443,1,8,32,0.89341694,Accuracy Plane,Validation
1444,1,8,32,0.006663407,Loss Ship,Training
1445,1,8,32,0.36549273,Loss Ship,Validation
1446,1,8,32,1.0,Accuracy Ship,Training
1447,1,8,32,0.8955696,Accuracy Ship,Validation
1448,1,8,32,0.007917025,Loss Truck,Training
1449,1,8,32,0.475627,Loss Truck,Validation
1450,1,8,32,1.0,Accuracy Truck,Training
1451,1,8,32,0.9056604,Accuracy Truck,Validation
1452,1,8,33,0.006454727,Loss,Training
1453,1,8,33,0.45338506,Loss,Validation
1454,1,8,33,0.99970055,Accuracy,Training
1455,1,8,33,0.8768331,Accuracy,Validation
1456,1,8,33,0.005186593,Loss Bird,Training
1457,1,8,33,0.32735664,Loss Bird,Validation
1458,1,8,33,1.0,Accuracy Bird,Training
1459,1,8,33,0.90415335,Accuracy Bird,Validation
1460,1,8,33,0.009974487,Loss Car,Training
1461,1,8,33,0.52709687,Loss Car,Validation
1462,1,8,33,0.997006,Accuracy Car,Training
1463,1,8,33,0.7894737,Accuracy Car,Validation
1464,1,8,33,0.0031932169,Loss Cat,Training
1465,1,8,33,0.35001302,Loss Cat,Validation
1466,1,8,33,1.0,Accuracy Cat,Training
1467,1,8,33,0.90332323,Accuracy Cat,Validation
1468,1,8,33,0.0068559935,Loss Deer,Training
1469,1,8,33,0.28987423,Loss Deer,Validation
1470,1,8,33,1.0,Accuracy Deer,Training
1471,1,8,33,0.94612795,Accuracy Deer,Validation
1472,1,8,33,0.0063624047,Loss Dog,Training
1473,1,8,33,0.45173222,Loss Dog,Validation
1474,1,8,33,1.0,Accuracy Dog,Training
1475,1,8,33,0.89751554,Accuracy Dog,Validation
1476,1,8,33,0.0052068564,Loss Frog,Training
1477,1,8,33,0.18181455,Loss Frog,Validation
1478,1,8,33,1.0,Accuracy Frog,Training
1479,1,8,33,0.9645161,Accuracy Frog,Validation
1480,1,8,33,0.0043734913,Loss Horse,Training
1481,1,8,33,1.0972795,Loss Horse,Validation
1482,1,8,33,1.0,Accuracy Horse,Training
1483,1,8,33,0.70153844,Accuracy Horse,Validation
1484,1,8,33,0.006995097,Loss Plane,Training
1485,1,8,33,0.34228233,Loss Plane,Validation
1486,1,8,33,1.0,Accuracy Plane,Training
1487,1,8,33,0.89884394,Accuracy Plane,Validation
1488,1,8,33,0.00554017,Loss Ship,Training
1489,1,8,33,0.38350505,Loss Ship,Validation
1490,1,8,33,1.0,Accuracy Ship,Training
1491,1,8,33,0.9039039,Accuracy Ship,Validation
1492,1,8,33,0.010858961,Loss Truck,Training
1493,1,8,33,0.5828964,Loss Truck,Validation
1494,1,8,33,1.0,Accuracy Truck,Training
1495,1,8,33,0.85893416,Accuracy Truck,Validation
1496,1,8,34,0.0054459604,Loss,Training
1497,1,8,34,0.46449572,Loss,Validation
1498,1,8,34,1.0,Accuracy,Training
1499,1,8,34,0.8782269,Accuracy,Validation
1500,1,8,34,0.005891864,Loss Bird,Training
1501,1,8,34,0.4159172,Loss Bird,Validation
1502,1,8,34,1.0,Accuracy Bird,Training
1503,1,8,34,0.9096573,Accuracy Bird,Validation
1504,1,8,34,0.006163578,Loss Car,Training
1505,1,8,34,0.46742624,Loss Car,Validation
1506,1,8,34,1.0,Accuracy Car,Training
1507,1,8,34,0.8486842,Accuracy Car,Validation
1508,1,8,34,0.003915509,Loss Cat,Training
1509,1,8,34,0.35251567,Loss Cat,Validation
1510,1,8,34,1.0,Accuracy Cat,Training
1511,1,8,34,0.91054314,Accuracy Cat,Validation
1512,1,8,34,0.006249265,Loss Deer,Training
1513,1,8,34,0.36785913,Loss Deer,Validation
1514,1,8,34,1.0,Accuracy Deer,Training
1515,1,8,34,0.9126214,Accuracy Deer,Validation
1516,1,8,34,0.0056037386,Loss Dog,Training
1517,1,8,34,0.35704774,Loss Dog,Validation
1518,1,8,34,1.0,Accuracy Dog,Training
1519,1,8,34,0.904321,Accuracy Dog,Validation
1520,1,8,34,0.004726452,Loss Frog,Training
1521,1,8,34,0.17520006,Loss Frog,Validation
1522,1,8,34,1.0,Accuracy Frog,Training
1523,1,8,34,0.95894426,Accuracy Frog,Validation
1524,1,8,34,0.0041278237,Loss Horse,Training
1525,1,8,34,1.0985883,Loss Horse,Validation
1526,1,8,34,1.0,Accuracy Horse,Training
1527,1,8,34,0.7006369,Accuracy Horse,Validation
1528,1,8,34,0.00621741,Loss Plane,Training
1529,1,8,34,0.45187747,Loss Plane,Validation
1530,1,8,34,1.0,Accuracy Plane,Training
1531,1,8,34,0.8698225,Accuracy Plane,Validation
1532,1,8,34,0.0052031926,Loss Ship,Training
1533,1,8,34,0.36574453,Loss Ship,Validation
1534,1,8,34,1.0,Accuracy Ship,Training
1535,1,8,34,0.89719623,Accuracy Ship,Validation
1536,1,8,34,0.0063607744,Loss Truck,Training
1537,1,8,34,0.59278053,Loss Truck,Validation
1538,1,8,34,1.0,Accuracy Truck,Training
1539,1,8,34,0.8698413,Accuracy Truck,Validation
1540,1,8,35,0.006064072,Loss,Training
1541,1,8,35,0.45246714,Loss,Validation
1542,1,8,35,0.99972975,Accuracy,Training
1543,1,8,35,0.88234836,Accuracy,Validation
1544,1,8,35,0.0048806756,Loss Bird,Training
1545,1,8,35,0.37683514,Loss Bird,Validation
1546,1,8,35,1.0,Accuracy Bird,Training
1547,1,8,35,0.9449275,Accuracy Bird,Validation
1548,1,8,35,0.006419358,Loss Car,Training
1549,1,8,35,0.65482074,Loss Car,Validation
1550,1,8,35,1.0,Accuracy Car,Training
1551,1,8,35,0.7704403,Accuracy Car,Validation
1552,1,8,35,0.0033461498,Loss Cat,Training
1553,1,8,35,0.34717306,Loss Cat,Validation
1554,1,8,35,1.0,Accuracy Cat,Training
1555,1,8,35,0.8993711,Accuracy Cat,Validation
1556,1,8,35,0.0066615012,Loss Deer,Training
1557,1,8,35,0.31940162,Loss Deer,Validation
1558,1,8,35,1.0,Accuracy Deer,Training
1559,1,8,35,0.9435216,Accuracy Deer,Validation
1560,1,8,35,0.0056290873,Loss Dog,Training
1561,1,8,35,0.4159088,Loss Dog,Validation
1562,1,8,35,1.0,Accuracy Dog,Training
1563,1,8,35,0.86850154,Accuracy Dog,Validation
1564,1,8,35,0.0045156498,Loss Frog,Training
1565,1,8,35,0.15303302,Loss Frog,Validation
1566,1,8,35,1.0,Accuracy Frog,Training
1567,1,8,35,0.97553515,Accuracy Frog,Validation
1568,1,8,35,0.0048489138,Loss Horse,Training
1569,1,8,35,0.98622465,Loss Horse,Validation
1570,1,8,35,1.0,Accuracy Horse,Training
1571,1,8,35,0.72136223,Accuracy Horse,Validation
1572,1,8,35,0.012352554,Loss Plane,Training
1573,1,8,35,0.29706034,Loss Plane,Validation
1574,1,8,35,0.9972973,Accuracy Plane,Training
1575,1,8,35,0.909699,Accuracy Plane,Validation
1576,1,8,35,0.005326769,Loss Ship,Training
1577,1,8,35,0.36885467,Loss Ship,Validation
1578,1,8,35,1.0,Accuracy Ship,Training
1579,1,8,35,0.9147541,Accuracy Ship,Validation
1580,1,8,35,0.006660059,Loss Truck,Training
1581,1,8,35,0.6053592,Loss Truck,Validation
1582,1,8,35,1.0,Accuracy Truck,Training
1583,1,8,35,0.8753709,Accuracy Truck,Validation
1584,1,8,36,0.0060588033,Loss,Training
1585,1,8,36,0.47487062,Loss,Validation
1586,1,8,36,0.9996754,Accuracy,Training
1587,1,8,36,0.86624086,Accuracy,Validation
1588,1,8,36,0.0039152578,Loss Bird,Training
1589,1,8,36,0.33774534,Loss Bird,Validation
1590,1,8,36,1.0,Accuracy Bird,Training
1591,1,8,36,0.95614034,Accuracy Bird,Validation
1592,1,8,36,0.01807143,Loss Car,Training
1593,1,8,36,0.5458976,Loss Car,Validation
1594,1,8,36,0.9967533,Accuracy Car,Training
1595,1,8,36,0.784375,Accuracy Car,Validation
1596,1,8,36,0.0036485696,Loss Cat,Training
1597,1,8,36,0.37851402,Loss Cat,Validation
1598,1,8,36,1.0,Accuracy Cat,Training
1599,1,8,36,0.88724035,Accuracy Cat,Validation
1600,1,8,36,0.0046848054,Loss Deer,Training
1601,1,8,36,0.2061872,Loss Deer,Validation
1602,1,8,36,1.0,Accuracy Deer,Training
1603,1,8,36,0.9350649,Accuracy Deer,Validation
1604,1,8,36,0.006033001,Loss Dog,Training
1605,1,8,36,0.43509716,Loss Dog,Validation
1606,1,8,36,1.0,Accuracy Dog,Training
1607,1,8,36,0.8598131,Accuracy Dog,Validation
1608,1,8,36,0.0035632038,Loss Frog,Training
1609,1,8,36,0.1196159,Loss Frog,Validation
1610,1,8,36,1.0,Accuracy Frog,Training
1611,1,8,36,0.9811912,Accuracy Frog,Validation
1612,1,8,36,0.003568307,Loss Horse,Training
1613,1,8,36,1.1864429,Loss Horse,Validation
1614,1,8,36,1.0,Accuracy Horse,Training
1615,1,8,36,0.6203704,Accuracy Horse,Validation
1616,1,8,36,0.002999513,Loss Plane,Training
1617,1,8,36,0.42936757,Loss Plane,Validation
1618,1,8,36,1.0,Accuracy Plane,Training
1619,1,8,36,0.887538,Accuracy Plane,Validation
1620,1,8,36,0.0067418492,Loss Ship,Training
1621,1,8,36,0.4492481,Loss Ship,Validation
1622,1,8,36,1.0,Accuracy Ship,Training
1623,1,8,36,0.88659793,Accuracy Ship,Validation
1624,1,8,36,0.0073620994,Loss Truck,Training
1625,1,8,36,0.6605906,Loss Truck,Validation
1626,1,8,36,1.0,Accuracy Truck,Training
1627,1,8,36,0.8640777,Accuracy Truck,Validation
1628,1,8,37,0.00437142,Loss,Training
1629,1,8,37,0.48100662,Loss,Validation
1630,1,8,37,1.0,Accuracy,Training
1631,1,8,37,0.87130296,Accuracy,Validation
1632,1,8,37,0.0056697475,Loss Bird,Training
1633,1,8,37,0.32341406,Loss Bird,Validation
1634,1,8,37,1.0,Accuracy Bird,Training
1635,1,8,37,0.95348835,Accuracy Bird,Validation
1636,1,8,37,0.0042423527,Loss Car,Training
1637,1,8,37,0.60716397,Loss Car,Validation
1638,1,8,37,1.0,Accuracy Car,Training
1639,1,8,37,0.7413249,Accuracy Car,Validation
1640,1,8,37,0.0017493383,Loss Cat,Training
1641,1,8,37,0.34515986,Loss Cat,Validation
1642,1,8,37,1.0,Accuracy Cat,Training
1643,1,8,37,0.90149254,Accuracy Cat,Validation
1644,1,8,37,0.004336105,Loss Deer,Training
1645,1,8,37,0.34225902,Loss Deer,Validation
1646,1,8,37,1.0,Accuracy Deer,Training
1647,1,8,37,0.93313956,Accuracy Deer,Validation
1648,1,8,37,0.004407146,Loss Dog,Training
1649,1,8,37,0.4912932,Loss Dog,Validation
1650,1,8,37,1.0,Accuracy Dog,Training
1651,1,8,37,0.88666666,Accuracy Dog,Validation
1652,1,8,37,0.004292927,Loss Frog,Training
1653,1,8,37,0.1671895,Loss Frog,Validation
1654,1,8,37,1.0,Accuracy Frog,Training
1655,1,8,37,0.96755165,Accuracy Frog,Validation
1656,1,8,37,0.0046323356,Loss Horse,Training
1657,1,8,37,1.347932,Loss Horse,Validation
1658,1,8,37,1.0,Accuracy Horse,Training
1659,1,8,37,0.63754046,Accuracy Horse,Validation
1660,1,8,37,0.005309534,Loss Plane,Training
1661,1,8,37,0.36746818,Loss Plane,Validation
1662,1,8,37,1.0,Accuracy Plane,Training
1663,1,8,37,0.8666667,Accuracy Plane,Validation
1664,1,8,37,0.0042240615,Loss Ship,Training
1665,1,8,37,0.24366498,Loss Ship,Validation
1666,1,8,37,1.0,Accuracy Ship,Training
1667,1,8,37,0.9298893,Accuracy Ship,Validation
1668,1,8,37,0.0048506525,Loss Truck,Training
1669,1,8,37,0.5745213,Loss Truck,Validation
1670,1,8,37,1.0,Accuracy Truck,Training
1671,1,8,37,0.8952703,Accuracy Truck,Validation
1672,1,8,38,0.0042299978,Loss,Training
1673,1,8,38,0.4519089,Loss,Validation
1674,1,8,38,1.0,Accuracy,Training
1675,1,8,38,0.8804413,Accuracy,Validation
1676,1,8,38,0.0026541005,Loss Bird,Training
1677,1,8,38,0.2758575,Loss Bird,Validation
1678,1,8,38,1.0,Accuracy Bird,Training
1679,1,8,38,0.9659443,Accuracy Bird,Validation
1680,1,8,38,0.005091378,Loss Car,Training
1681,1,8,38,0.50072706,Loss Car,Validation
1682,1,8,38,1.0,Accuracy Car,Training
1683,1,8,38,0.78688526,Accuracy Car,Validation
1684,1,8,38,0.0026206463,Loss Cat,Training
1685,1,8,38,0.37633762,Loss Cat,Validation
1686,1,8,38,1.0,Accuracy Cat,Training
1687,1,8,38,0.8913738,Accuracy Cat,Validation
1688,1,8,38,0.0044906703,Loss Deer,Training
1689,1,8,38,0.35957184,Loss Deer,Validation
1690,1,8,38,1.0,Accuracy Deer,Training
1691,1,8,38,0.9177215,Accuracy Deer,Validation
1692,1,8,38,0.0052207676,Loss Dog,Training
1693,1,8,38,0.45906657,Loss Dog,Validation
1694,1,8,38,1.0,Accuracy Dog,Training
1695,1,8,38,0.8961039,Accuracy Dog,Validation
1696,1,8,38,0.0047517493,Loss Frog,Training
1697,1,8,38,0.15572177,Loss Frog,Validation
1698,1,8,38,1.0,Accuracy Frog,Training
1699,1,8,38,0.9678457,Accuracy Frog,Validation
1700,1,8,38,0.0048514134,Loss Horse,Training
1701,1,8,38,1.1449116,Loss Horse,Validation
1702,1,8,38,1.0,Accuracy Horse,Training
1703,1,8,38,0.6687307,Accuracy Horse,Validation
1704,1,8,38,0.003882301,Loss Plane,Training
1705,1,8,38,0.38397375,Loss Plane,Validation
1706,1,8,38,1.0,Accuracy Plane,Training
1707,1,8,38,0.9067524,Accuracy Plane,Validation
1708,1,8,38,0.0043981727,Loss Ship,Training
1709,1,8,38,0.40554127,Loss Ship,Validation
1710,1,8,38,1.0,Accuracy Ship,Training
1711,1,8,38,0.89944136,Accuracy Ship,Validation
1712,1,8,38,0.0043387776,Loss Truck,Training
1713,1,8,38,0.45737985,Loss Truck,Validation
1714,1,8,38,1.0,Accuracy Truck,Training
1715,1,8,38,0.90361446,Accuracy Truck,Validation
1716,1,8,39,0.0039398023,Loss,Training
1717,1,8,39,0.4627107,Loss,Validation
1718,1,8,39,1.0,Accuracy,Training
1719,1,8,39,0.87924516,Accuracy,Validation
1720,1,8,39,0.0027218268,Loss Bird,Training
1721,1,8,39,0.39454645,Loss Bird,Validation
1722,1,8,39,1.0,Accuracy Bird,Training
1723,1,8,39,0.9387097,Accuracy Bird,Validation
1724,1,8,39,0.0051057586,Loss Car,Training
1725,1,8,39,0.5232972,Loss Car,Validation
1726,1,8,39,1.0,Accuracy Car,Training
1727,1,8,39,0.8126984,Accuracy Car,Validation
1728,1,8,39,0.0026995484,Loss Cat,Training
1729,1,8,39,0.39048657,Loss Cat,Validation
1730,1,8,39,1.0,Accuracy Cat,Training
1731,1,8,39,0.86850154,Accuracy Cat,Validation
1732,1,8,39,0.00480697,Loss Deer,Training
1733,1,8,39,0.26180354,Loss Deer,Validation
1734,1,8,39,1.0,Accuracy Deer,Training
1735,1,8,39,0.9352751,Accuracy Deer,Validation
1736,1,8,39,0.004442678,Loss Dog,Training
1737,1,8,39,0.4461943,Loss Dog,Validation
1738,1,8,39,1.0,Accuracy Dog,Training
1739,1,8,39,0.9040248,Accuracy Dog,Validation
1740,1,8,39,0.0032962938,Loss Frog,Training
1741,1,8,39,0.17683625,Loss Frog,Validation
1742,1,8,39,1.0,Accuracy Frog,Training
1743,1,8,39,0.9602649,Accuracy Frog,Validation
1744,1,8,39,0.0038454623,Loss Horse,Training
1745,1,8,39,1.1300654,Loss Horse,Validation
1746,1,8,39,1.0,Accuracy Horse,Training
1747,1,8,39,0.71253824,Accuracy Horse,Validation
1748,1,8,39,0.0045050886,Loss Plane,Training
1749,1,8,39,0.41209373,Loss Plane,Validation
1750,1,8,39,1.0,Accuracy Plane,Training
1751,1,8,39,0.8898551,Accuracy Plane,Validation
1752,1,8,39,0.0032348246,Loss Ship,Training
1753,1,8,39,0.26285356,Loss Ship,Validation
1754,1,8,39,1.0,Accuracy Ship,Training
1755,1,8,39,0.91082805,Accuracy Ship,Validation
1756,1,8,39,0.004739568,Loss Truck,Training
1757,1,8,39,0.62893003,Loss Truck,Validation
1758,1,8,39,1.0,Accuracy Truck,Training
1759,1,8,39,0.8597561,Accuracy Truck,Validation
1760,1,8,40,0.0031683077,Loss,Training
1761,1,8,40,0.4566887,Loss,Validation
1762,1,8,40,1.0,Accuracy,Training
1763,1,8,40,0.8777038,Accuracy,Validation
1764,1,8,40,0.002175783,Loss Bird,Training
1765,1,8,40,0.3446378,Loss Bird,Validation
1766,1,8,40,1.0,Accuracy Bird,Training
1767,1,8,40,0.9464286,Accuracy Bird,Validation
1768,1,8,40,0.0043789055,Loss Car,Training
1769,1,8,40,0.57914925,Loss Car,Validation
1770,1,8,40,1.0,Accuracy Car,Training
1771,1,8,40,0.8,Accuracy Car,Validation
1772,1,8,40,0.0014396117,Loss Cat,Training
1773,1,8,40,0.36109388,Loss Cat,Validation
1774,1,8,40,1.0,Accuracy Cat,Training
1775,1,8,40,0.89014083,Accuracy Cat,Validation
1776,1,8,40,0.0028013869,Loss Deer,Training
1777,1,8,40,0.30786365,Loss Deer,Validation
1778,1,8,40,1.0,Accuracy Deer,Training
1779,1,8,40,0.93174064,Accuracy Deer,Validation
1780,1,8,40,0.0035442982,Loss Dog,Training
1781,1,8,40,0.35527778,Loss Dog,Validation
1782,1,8,40,1.0,Accuracy Dog,Training
1783,1,8,40,0.9269103,Accuracy Dog,Validation
1784,1,8,40,0.002531434,Loss Frog,Training
1785,1,8,40,0.15862115,Loss Frog,Validation
1786,1,8,40,1.0,Accuracy Frog,Training
1787,1,8,40,0.965625,Accuracy Frog,Validation
1788,1,8,40,0.0017705347,Loss Horse,Training
1789,1,8,40,1.2178948,Loss Horse,Validation
1790,1,8,40,1.0,Accuracy Horse,Training
1791,1,8,40,0.67391306,Accuracy Horse,Validation
1792,1,8,40,0.0040966407,Loss Plane,Training
1793,1,8,40,0.4048892,Loss Plane,Validation
1794,1,8,40,1.0,Accuracy Plane,Training
1795,1,8,40,0.8676923,Accuracy Plane,Validation
1796,1,8,40,0.0048109298,Loss Ship,Training
1797,1,8,40,0.37798664,Loss Ship,Validation
1798,1,8,40,1.0,Accuracy Ship,Training
1799,1,8,40,0.88161993,Accuracy Ship,Validation
1800,1,8,40,0.0041335523,Loss Truck,Training
1801,1,8,40,0.45947284,Loss Truck,Validation
1802,1,8,40,1.0,Accuracy Truck,Training
1803,1,8,40,0.8929664,Accuracy Truck,Validation
1804,1,8,41,0.0028095816,Loss,Training
1805,1,8,41,0.4242898,Loss,Validation
1806,1,8,41,1.0,Accuracy,Training
1807,1,8,41,0.8839916,Accuracy,Validation
1808,1,8,41,0.0026268628,Loss Bird,Training
1809,1,8,41,0.28089586,Loss Bird,Validation
1810,1,8,41,1.0,Accuracy Bird,Training
1811,1,8,41,0.95086706,Accuracy Bird,Validation
1812,1,8,41,0.0035944781,Loss Car,Training
1813,1,8,41,0.54955864,Loss Car,Validation
1814,1,8,41,1.0,Accuracy Car,Training
1815,1,8,41,0.82828283,Accuracy Car,Validation
1816,1,8,41,0.0016045916,Loss Cat,Training
1817,1,8,41,0.30651343,Loss Cat,Validation
1818,1,8,41,1.0,Accuracy Cat,Training
1819,1,8,41,0.90909094,Accuracy Cat,Validation
1820,1,8,41,0.0026060217,Loss Deer,Training
1821,1,8,41,0.28542292,Loss Deer,Validation
1822,1,8,41,1.0,Accuracy Deer,Training
1823,1,8,41,0.9359756,Accuracy Deer,Validation
1824,1,8,41,0.0031912832,Loss Dog,Training
1825,1,8,41,0.49253997,Loss Dog,Validation
1826,1,8,41,1.0,Accuracy Dog,Training
1827,1,8,41,0.8662614,Accuracy Dog,Validation
1828,1,8,41,0.0029801456,Loss Frog,Training
1829,1,8,41,0.19074811,Loss Frog,Validation
1830,1,8,41,1.0,Accuracy Frog,Training
1831,1,8,41,0.95637584,Accuracy Frog,Validation
1832,1,8,41,0.0022998895,Loss Horse,Training
1833,1,8,41,1.0324383,Loss Horse,Validation
1834,1,8,41,1.0,Accuracy Horse,Training
1835,1,8,41,0.7011494,Accuracy Horse,Validation
1836,1,8,41,0.002815572,Loss Plane,Training
1837,1,8,41,0.36754525,Loss Plane,Validation
1838,1,8,41,1.0,Accuracy Plane,Training
1839,1,8,41,0.89506173,Accuracy Plane,Validation
1840,1,8,41,0.002627512,Loss Ship,Training
1841,1,8,41,0.312412,Loss Ship,Validation
1842,1,8,41,1.0,Accuracy Ship,Training
1843,1,8,41,0.9053255,Accuracy Ship,Validation
1844,1,8,41,0.0037494588,Loss Truck,Training
1845,1,8,41,0.42482337,Loss Truck,Validation
1846,1,8,41,1.0,Accuracy Truck,Training
1847,1,8,41,0.89152545,Accuracy Truck,Validation
1848,1,8,42,0.0028859773,Loss,Training
1849,1,8,42,0.46823055,Loss,Validation
1850,1,8,42,1.0,Accuracy,Training
1851,1,8,42,0.876005,Accuracy,Validation
1852,1,8,42,0.0024524778,Loss Bird,Training
1853,1,8,42,0.3842085,Loss Bird,Validation
1854,1,8,42,1.0,Accuracy Bird,Training
1855,1,8,42,0.9409836,Accuracy Bird,Validation
1856,1,8,42,0.0034129943,Loss Car,Training
1857,1,8,42,0.7103552,Loss Car,Validation
1858,1,8,42,1.0,Accuracy Car,Training
1859,1,8,42,0.71343285,Accuracy Car,Validation
1860,1,8,42,0.0018065544,Loss Cat,Training
1861,1,8,42,0.35402742,Loss Cat,Validation
1862,1,8,42,1.0,Accuracy Cat,Training
1863,1,8,42,0.9096386,Accuracy Cat,Validation
1864,1,8,42,0.0035772845,Loss Deer,Training
1865,1,8,42,0.42689732,Loss Deer,Validation
1866,1,8,42,1.0,Accuracy Deer,Training
1867,1,8,42,0.89250815,Accuracy Deer,Validation
1868,1,8,42,0.0030210668,Loss Dog,Training
1869,1,8,42,0.43709633,Loss Dog,Validation
1870,1,8,42,1.0,Accuracy Dog,Training
1871,1,8,42,0.90712076,Accuracy Dog,Validation
1872,1,8,42,0.0023188682,Loss Frog,Training
1873,1,8,42,0.20727289,Loss Frog,Validation
1874,1,8,42,1.0,Accuracy Frog,Training
1875,1,8,42,0.9581994,Accuracy Frog,Validation
1876,1,8,42,0.0026558102,Loss Horse,Training
1877,1,8,42,1.0160409,Loss Horse,Validation
1878,1,8,42,1.0,Accuracy Horse,Training
1879,1,8,42,0.7232704,Accuracy Horse,Validation
1880,1,8,42,0.0033305837,Loss Plane,Training
1881,1,8,42,0.25177333,Loss Plane,Validation
1882,1,8,42,1.0,Accuracy Plane,Training
1883,1,8,42,0.9423631,Accuracy Plane,Validation
1884,1,8,42,0.0025775833,Loss Ship,Training
1885,1,8,42,0.32951382,Loss Ship,Validation
1886,1,8,42,1.0,Accuracy Ship,Training
1887,1,8,42,0.8912281,Accuracy Ship,Validation
1888,1,8,42,0.0037065477,Loss Truck,Training
1889,1,8,42,0.5651193,Loss Truck,Validation
1890,1,8,42,1.0,Accuracy Truck,Training
1891,1,8,42,0.88130563,Accuracy Truck,Validation
1892,1,8,43,0.0027894555,Loss,Training
1893,1,8,43,0.4465681,Loss,Validation
1894,1,8,43,1.0,Accuracy,Training
1895,1,8,43,0.87581366,Accuracy,Validation
1896,1,8,43,0.0030227485,Loss Bird,Training
1897,1,8,43,0.32214788,Loss Bird,Validation
1898,1,8,43,1.0,Accuracy Bird,Training
1899,1,8,43,0.9349845,Accuracy Bird,Validation
1900,1,8,43,0.0030506386,Loss Car,Training
1901,1,8,43,0.752217,Loss Car,Validation
1902,1,8,43,1.0,Accuracy Car,Training
1903,1,8,43,0.6840391,Accuracy Car,Validation
1904,1,8,43,0.0013084327,Loss Cat,Training
1905,1,8,43,0.32293883,Loss Cat,Validation
1906,1,8,43,1.0,Accuracy Cat,Training
1907,1,8,43,0.9223881,Accuracy Cat,Validation
1908,1,8,43,0.002453317,Loss Deer,Training
1909,1,8,43,0.26469937,Loss Deer,Validation
1910,1,8,43,1.0,Accuracy Deer,Training
1911,1,8,43,0.9378882,Accuracy Deer,Validation
1912,1,8,43,0.002666615,Loss Dog,Training
1913,1,8,43,0.42518306,Loss Dog,Validation
1914,1,8,43,1.0,Accuracy Dog,Training
1915,1,8,43,0.90460527,Accuracy Dog,Validation
1916,1,8,43,0.0026446017,Loss Frog,Training
1917,1,8,43,0.13436341,Loss Frog,Validation
1918,1,8,43,1.0,Accuracy Frog,Training
1919,1,8,43,0.9707602,Accuracy Frog,Validation
1920,1,8,43,0.0021166317,Loss Horse,Training
1921,1,8,43,1.163486,Loss Horse,Validation
1922,1,8,43,1.0,Accuracy Horse,Training
1923,1,8,43,0.6686567,Accuracy Horse,Validation
1924,1,8,43,0.003714155,Loss Plane,Training
1925,1,8,43,0.36172622,Loss Plane,Validation
1926,1,8,43,1.0,Accuracy Plane,Training
1927,1,8,43,0.9057971,Accuracy Plane,Validation
1928,1,8,43,0.003451115,Loss Ship,Training
1929,1,8,43,0.25324774,Loss Ship,Validation
1930,1,8,43,1.0,Accuracy Ship,Training
1931,1,8,43,0.91964287,Accuracy Ship,Validation
1932,1,8,43,0.0034663011,Loss Truck,Training
1933,1,8,43,0.46567172,Loss Truck,Validation
1934,1,8,43,1.0,Accuracy Truck,Training
1935,1,8,43,0.909375,Accuracy Truck,Validation
1936,1,8,44,0.0032317967,Loss,Training
1937,1,8,44,0.4491341,Loss,Validation
1938,1,8,44,1.0,Accuracy,Training
1939,1,8,44,0.8873288,Accuracy,Validation
1940,1,8,44,0.0019421839,Loss Bird,Training
1941,1,8,44,0.379779,Loss Bird,Validation
1942,1,8,44,1.0,Accuracy Bird,Training
1943,1,8,44,0.9411765,Accuracy Bird,Validation
1944,1,8,44,0.0034244817,Loss Car,Training
1945,1,8,44,0.51153487,Loss Car,Validation
1946,1,8,44,1.0,Accuracy Car,Training
1947,1,8,44,0.7944251,Accuracy Car,Validation
1948,1,8,44,0.0010839055,Loss Cat,Training
1949,1,8,44,0.39357087,Loss Cat,Validation
1950,1,8,44,1.0,Accuracy Cat,Training
1951,1,8,44,0.9161677,Accuracy Cat,Validation
1952,1,8,44,0.0031226692,Loss Deer,Training
1953,1,8,44,0.23430364,Loss Deer,Validation
1954,1,8,44,1.0,Accuracy Deer,Training
1955,1,8,44,0.95962733,Accuracy Deer,Validation
1956,1,8,44,0.0026732238,Loss Dog,Training
1957,1,8,44,0.42676723,Loss Dog,Validation
1958,1,8,44,1.0,Accuracy Dog,Training
1959,1,8,44,0.8993711,Accuracy Dog,Validation
1960,1,8,44,0.0025019322,Loss Frog,Training
1961,1,8,44,0.08846461,Loss Frog,Validation
1962,1,8,44,1.0,Accuracy Frog,Training
1963,1,8,44,0.9848485,Accuracy Frog,Validation
1964,1,8,44,0.0015646009,Loss Horse,Training
1965,1,8,44,1.2744755,Loss Horse,Validation
1966,1,8,44,1.0,Accuracy Horse,Training
1967,1,8,44,0.6586103,Accuracy Horse,Validation
1968,1,8,44,0.0036258558,Loss Plane,Training
1969,1,8,44,0.3610164,Loss Plane,Validation
1970,1,8,44,1.0,Accuracy Plane,Training
1971,1,8,44,0.8964497,Accuracy Plane,Validation
1972,1,8,44,0.0072454032,Loss Ship,Training
1973,1,8,44,0.26825717,Loss Ship,Validation
1974,1,8,44,1.0,Accuracy Ship,Training
1975,1,8,44,0.92097265,Accuracy Ship,Validation
1976,1,8,44,0.0051337117,Loss Truck,Training
1977,1,8,44,0.55317175,Loss Truck,Validation
1978,1,8,44,1.0,Accuracy Truck,Training
1979,1,8,44,0.90163934,Accuracy Truck,Validation
1980,1,8,45,0.0023883595,Loss,Training
1981,1,8,45,0.44767284,Loss,Validation
1982,1,8,45,1.0,Accuracy,Training
1983,1,8,45,0.8820923,Accuracy,Validation
1984,1,8,45,0.0015603305,Loss Bird,Training
1985,1,8,45,0.42103624,Loss Bird,Validation
1986,1,8,45,1.0,Accuracy Bird,Training
1987,1,8,45,0.93604654,Accuracy Bird,Validation
1988,1,8,45,0.003591964,Loss Car,Training
1989,1,8,45,0.61650366,Loss Car,Validation
1990,1,8,45,1.0,Accuracy Car,Training
1991,1,8,45,0.76175547,Accuracy Car,Validation
1992,1,8,45,0.0013849543,Loss Cat,Training
1993,1,8,45,0.31832698,Loss Cat,Validation
1994,1,8,45,1.0,Accuracy Cat,Training
1995,1,8,45,0.89285713,Accuracy Cat,Validation
1996,1,8,45,0.0020012532,Loss Deer,Training
1997,1,8,45,0.36920667,Loss Deer,Validation
1998,1,8,45,1.0,Accuracy Deer,Training
1999,1,8,45,0.9049296,Accuracy Deer,Validation
2000,1,8,45,0.00291464,Loss Dog,Training
2001,1,8,45,0.4640892,Loss Dog,Validation
2002,1,8,45,1.0,Accuracy Dog,Training
2003,1,8,45,0.8868502,Accuracy Dog,Validation
2004,1,8,45,0.0026866118,Loss Frog,Training
2005,1,8,45,0.12925489,Loss Frog,Validation
2006,1,8,45,1.0,Accuracy Frog,Training
2007,1,8,45,0.96732026,Accuracy Frog,Validation
2008,1,8,45,0.0017274807,Loss Horse,Training
2009,1,8,45,1.1287845,Loss Horse,Validation
2010,1,8,45,1.0,Accuracy Horse,Training
2011,1,8,45,0.7038123,Accuracy Horse,Validation
2012,1,8,45,0.0027109561,Loss Plane,Training
2013,1,8,45,0.3454955,Loss Plane,Validation
2014,1,8,45,1.0,Accuracy Plane,Training
2015,1,8,45,0.9191919,Accuracy Plane,Validation
2016,1,8,45,0.0025290665,Loss Ship,Training
2017,1,8,45,0.25120786,Loss Ship,Validation
2018,1,8,45,1.0,Accuracy Ship,Training
2019,1,8,45,0.92038214,Accuracy Ship,Validation
2020,1,8,45,0.0027763378,Loss Truck,Training
2021,1,8,45,0.4328228,Loss Truck,Validation
2022,1,8,45,1.0,Accuracy Truck,Training
2023,1,8,45,0.92777777,Accuracy Truck,Validation
2024,1,8,46,0.0021230218,Loss,Training
2025,1,8,46,0.48522243,Loss,Validation
2026,1,8,46,1.0,Accuracy,Training
2027,1,8,46,0.8691629,Accuracy,Validation
2028,1,8,46,0.0021505684,Loss Bird,Training
2029,1,8,46,0.32342675,Loss Bird,Validation
2030,1,8,46,1.0,Accuracy Bird,Training
2031,1,8,46,0.93373495,Accuracy Bird,Validation
2032,1,8,46,0.0022677374,Loss Car,Training
2033,1,8,46,0.6805626,Loss Car,Validation
2034,1,8,46,1.0,Accuracy Car,Training
2035,1,8,46,0.76380366,Accuracy Car,Validation
2036,1,8,46,0.0011114291,Loss Cat,Training
2037,1,8,46,0.33891988,Loss Cat,Validation
2038,1,8,46,1.0,Accuracy Cat,Training
2039,1,8,46,0.89354837,Accuracy Cat,Validation
2040,1,8,46,0.002178754,Loss Deer,Training
2041,1,8,46,0.4035252,Loss Deer,Validation
2042,1,8,46,1.0,Accuracy Deer,Training
2043,1,8,46,0.90384614,Accuracy Deer,Validation
2044,1,8,46,0.0019514515,Loss Dog,Training
2045,1,8,46,0.44654018,Loss Dog,Validation
2046,1,8,46,1.0,Accuracy Dog,Training
2047,1,8,46,0.89244187,Accuracy Dog,Validation
2048,1,8,46,0.0017236449,Loss Frog,Training
2049,1,8,46,0.18291223,Loss Frog,Validation
2050,1,8,46,1.0,Accuracy Frog,Training
2051,1,8,46,0.94670844,Accuracy Frog,Validation
2052,1,8,46,0.0027058884,Loss Horse,Training
2053,1,8,46,1.2793384,Loss Horse,Validation
2054,1,8,46,1.0,Accuracy Horse,Training
2055,1,8,46,0.6893204,Accuracy Horse,Validation
2056,1,8,46,0.0030291248,Loss Plane,Training
2057,1,8,46,0.31247455,Loss Plane,Validation
2058,1,8,46,1.0,Accuracy Plane,Training
2059,1,8,46,0.9077381,Accuracy Plane,Validation
2060,1,8,46,0.0017583155,Loss Ship,Training
2061,1,8,46,0.3761965,Loss Ship,Validation
2062,1,8,46,1.0,Accuracy Ship,Training
2063,1,8,46,0.890625,Accuracy Ship,Validation
2064,1,8,46,0.0023533022,Loss Truck,Training
2065,1,8,46,0.5083278,Loss Truck,Validation
2066,1,8,46,1.0,Accuracy Truck,Training
2067,1,8,46,0.86986303,Accuracy Truck,Validation
2068,1,8,47,0.002063454,Loss,Training
2069,1,8,47,0.44429526,Loss,Validation
2070,1,8,47,1.0,Accuracy,Training
2071,1,8,47,0.8718317,Accuracy,Validation
2072,1,8,47,0.0016187396,Loss Bird,Training
2073,1,8,47,0.30476093,Loss Bird,Validation
2074,1,8,47,1.0,Accuracy Bird,Training
2075,1,8,47,0.9415584,Accuracy Bird,Validation
2076,1,8,47,0.0028978775,Loss Car,Training
2077,1,8,47,0.591309,Loss Car,Validation
2078,1,8,47,1.0,Accuracy Car,Training
2079,1,8,47,0.7363344,Accuracy Car,Validation
2080,1,8,47,0.0012748301,Loss Cat,Training
2081,1,8,47,0.38085085,Loss Cat,Validation
2082,1,8,47,1.0,Accuracy Cat,Training
2083,1,8,47,0.88448846,Accuracy Cat,Validation
2084,1,8,47,0.0016549866,Loss Deer,Training
2085,1,8,47,0.35959587,Loss Deer,Validation
2086,1,8,47,1.0,Accuracy Deer,Training
2087,1,8,47,0.89411765,Accuracy Deer,Validation
2088,1,8,47,0.0020071217,Loss Dog,Training
2089,1,8,47,0.40800813,Loss Dog,Validation
2090,1,8,47,1.0,Accuracy Dog,Training
2091,1,8,47,0.91369045,Accuracy Dog,Validation
2092,1,8,47,0.0016319848,Loss Frog,Training
2093,1,8,47,0.12530123,Loss Frog,Validation
2094,1,8,47,1.0,Accuracy Frog,Training
2095,1,8,47,0.9746032,Accuracy Frog,Validation
2096,1,8,47,0.0025231573,Loss Horse,Training
2097,1,8,47,1.0784749,Loss Horse,Validation
2098,1,8,47,1.0,Accuracy Horse,Training
2099,1,8,47,0.6969697,Accuracy Horse,Validation
2100,1,8,47,0.0020538964,Loss Plane,Training
2101,1,8,47,0.31564292,Loss Plane,Validation
2102,1,8,47,1.0,Accuracy Plane,Training
2103,1,8,47,0.91049385,Accuracy Plane,Validation
2104,1,8,47,0.0019762337,Loss Ship,Training
2105,1,8,47,0.28871125,Loss Ship,Validation
2106,1,8,47,1.0,Accuracy Ship,Training
2107,1,8,47,0.88580245,Accuracy Ship,Validation
2108,1,8,47,0.0029957131,Loss Truck,Training
2109,1,8,47,0.59029764,Loss Truck,Validation
2110,1,8,47,1.0,Accuracy Truck,Training
2111,1,8,47,0.8802589,Accuracy Truck,Validation
2112,1,8,48,0.0018304508,Loss,Training
2113,1,8,48,0.47201985,Loss,Validation
2114,1,8,48,1.0,Accuracy,Training
2115,1,8,48,0.86668015,Accuracy,Validation
2116,1,8,48,0.0014909807,Loss Bird,Training
2117,1,8,48,0.3951377,Loss Bird,Validation
2118,1,8,48,1.0,Accuracy Bird,Training
2119,1,8,48,0.9153094,Accuracy Bird,Validation
2120,1,8,48,0.0019544605,Loss Car,Training
2121,1,8,48,0.59716535,Loss Car,Validation
2122,1,8,48,1.0,Accuracy Car,Training
2123,1,8,48,0.7313916,Accuracy Car,Validation
2124,1,8,48,0.0011195395,Loss Cat,Training
2125,1,8,48,0.4191299,Loss Cat,Validation
2126,1,8,48,1.0,Accuracy Cat,Training
2127,1,8,48,0.8888889,Accuracy Cat,Validation
2128,1,8,48,0.0019035321,Loss Deer,Training
2129,1,8,48,0.3889544,Loss Deer,Validation
2130,1,8,48,1.0,Accuracy Deer,Training
2131,1,8,48,0.9147059,Accuracy Deer,Validation
2132,1,8,48,0.0022726527,Loss Dog,Training
2133,1,8,48,0.32813466,Loss Dog,Validation
2134,1,8,48,1.0,Accuracy Dog,Training
2135,1,8,48,0.8984127,Accuracy Dog,Validation
2136,1,8,48,0.0014232054,Loss Frog,Training
2137,1,8,48,0.14380175,Loss Frog,Validation
2138,1,8,48,1.0,Accuracy Frog,Training
2139,1,8,48,0.9732938,Accuracy Frog,Validation
2140,1,8,48,0.0015848121,Loss Horse,Training
2141,1,8,48,1.1147494,Loss Horse,Validation
2142,1,8,48,1.0,Accuracy Horse,Training
2143,1,8,48,0.6915254,Accuracy Horse,Validation
2144,1,8,48,0.0015120938,Loss Plane,Training
2145,1,8,48,0.4037898,Loss Plane,Validation
2146,1,8,48,1.0,Accuracy Plane,Training
2147,1,8,48,0.88495576,Accuracy Plane,Validation
2148,1,8,48,0.0020365713,Loss Ship,Training
2149,1,8,48,0.34902072,Loss Ship,Validation
2150,1,8,48,1.0,Accuracy Ship,Training
2151,1,8,48,0.9028213,Accuracy Ship,Validation
2152,1,8,48,0.0030066587,Loss Truck,Training
2153,1,8,48,0.5803144,Loss Truck,Validation
2154,1,8,48,1.0,Accuracy Truck,Training
2155,1,8,48,0.86549705,Accuracy Truck,Validation
2156,1,8,49,0.0017024337,Loss,Training
2157,1,8,49,0.46822348,Loss,Validation
2158,1,8,49,1.0,Accuracy,Training
2159,1,8,49,0.8721696,Accuracy,Validation
2160,1,8,49,0.0011745368,Loss Bird,Training
2161,1,8,49,0.19279331,Loss Bird,Validation
2162,1,8,49,1.0,Accuracy Bird,Training
2163,1,8,49,0.95924765,Accuracy Bird,Validation
2164,1,8,49,0.0034818437,Loss Car,Training
2165,1,8,49,0.62055904,Loss Car,Validation
2166,1,8,49,1.0,Accuracy Car,Training
2167,1,8,49,0.7735294,Accuracy Car,Validation
2168,1,8,49,0.0007287441,Loss Cat,Training
2169,1,8,49,0.27328613,Loss Cat,Validation
2170,1,8,49,1.0,Accuracy Cat,Training
2171,1,8,49,0.9233227,Accuracy Cat,Validation
2172,1,8,49,0.0016513192,Loss Deer,Training
2173,1,8,49,0.32873687,Loss Deer,Validation
2174,1,8,49,1.0,Accuracy Deer,Training
2175,1,8,49,0.90753424,Accuracy Deer,Validation
2176,1,8,49,0.0018774555,Loss Dog,Training
2177,1,8,49,0.4693521,Loss Dog,Validation
2178,1,8,49,1.0,Accuracy Dog,Training
2179,1,8,49,0.89285713,Accuracy Dog,Validation
2180,1,8,49,0.0014707508,Loss Frog,Training
2181,1,8,49,0.1300005,Loss Frog,Validation
2182,1,8,49,1.0,Accuracy Frog,Training
2183,1,8,49,0.97269624,Accuracy Frog,Validation
2184,1,8,49,0.0007870942,Loss Horse,Training
2185,1,8,49,1.4875286,Loss Horse,Validation
2186,1,8,49,1.0,Accuracy Horse,Training
2187,1,8,49,0.6484848,Accuracy Horse,Validation
2188,1,8,49,0.0018884643,Loss Plane,Training
2189,1,8,49,0.3738919,Loss Plane,Validation
2190,1,8,49,1.0,Accuracy Plane,Training
2191,1,8,49,0.8643533,Accuracy Plane,Validation
2192,1,8,49,0.0016090047,Loss Ship,Training
2193,1,8,49,0.34401298,Loss Ship,Validation
2194,1,8,49,1.0,Accuracy Ship,Training
2195,1,8,49,0.86754966,Accuracy Ship,Validation
2196,1,8,49,0.0023551222,Loss Truck,Training
2197,1,8,49,0.4620731,Loss Truck,Validation
2198,1,8,49,1.0,Accuracy Truck,Training
2199,1,8,49,0.91212124,Accuracy Truck,Validation
